start_time,away_team,away_team_score,home_team,home_team_score
2018-10-17 00:00:00+00:00,PHILADELPHIA 76ERS,87,BOSTON CELTICS,105
2018-10-17 02:30:00+00:00,OKLAHOMA CITY THUNDER,100,GOLDEN STATE WARRIORS,108
2018-10-17 23:00:00+00:00,MILWAUKEE BUCKS,113,CHARLOTTE HORNETS,112
2018-10-17 23:00:00+00:00,BROOKLYN NETS,100,DETROIT PISTONS,103
2018-10-18 00:00:00+00:00,NEW ORLEANS PELICANS,131,HOUSTON ROCKETS,112
2018-10-17 23:00:00+00:00,MEMPHIS GRIZZLIES,83,INDIANA PACERS,111
2018-10-18 02:30:00+00:00,DENVER NUGGETS,107,LOS ANGELES CLIPPERS,98
2018-10-17 23:30:00+00:00,ATLANTA HAWKS,107,NEW YORK KNICKS,126
2018-10-17 23:00:00+00:00,MIAMI HEAT,101,ORLANDO MAGIC,104
2018-10-18 02:30:00+00:00,DALLAS MAVERICKS,100,PHOENIX SUNS,121
2018-10-18 02:00:00+00:00,UTAH JAZZ,123,SACRAMENTO KINGS,117
2018-10-18 00:30:00+00:00,MINNESOTA TIMBERWOLVES,108,SAN ANTONIO SPURS,112
2018-10-17 23:30:00+00:00,CLEVELAND CAVALIERS,104,TORONTO RAPTORS,116
2018-10-19 00:00:00+00:00,CHICAGO BULLS,108,PHILADELPHIA 76ERS,127
2018-10-19 02:30:00+00:00,LOS ANGELES LAKERS,119,PORTLAND TRAIL BLAZERS,128
2018-10-19 00:00:00+00:00,MIAMI HEAT,113,WASHINGTON WIZARDS,112
2018-10-19 23:30:00+00:00,NEW YORK KNICKS,105,BROOKLYN NETS,107
2018-10-20 02:30:00+00:00,OKLAHOMA CITY THUNDER,92,LOS ANGELES CLIPPERS,108
2018-10-20 00:00:00+00:00,ATLANTA HAWKS,117,MEMPHIS GRIZZLIES,131
2018-10-20 00:30:00+00:00,INDIANA PACERS,101,MILWAUKEE BUCKS,118
2018-10-20 00:00:00+00:00,CLEVELAND CAVALIERS,123,MINNESOTA TIMBERWOLVES,131
2018-10-20 00:00:00+00:00,SACRAMENTO KINGS,129,NEW ORLEANS PELICANS,149
2018-10-19 23:00:00+00:00,CHARLOTTE HORNETS,120,ORLANDO MAGIC,88
2018-10-20 00:00:00+00:00,BOSTON CELTICS,101,TORONTO RAPTORS,113
2018-10-20 02:30:00+00:00,GOLDEN STATE WARRIORS,124,UTAH JAZZ,123
2018-10-21 00:00:00+00:00,DETROIT PISTONS,118,CHICAGO BULLS,116
2018-10-21 00:30:00+00:00,MINNESOTA TIMBERWOLVES,136,DALLAS MAVERICKS,140
2018-10-21 01:00:00+00:00,PHOENIX SUNS,91,DENVER NUGGETS,119
2018-10-20 23:00:00+00:00,BROOKLYN NETS,112,INDIANA PACERS,132
2018-10-21 02:30:00+00:00,HOUSTON ROCKETS,124,LOS ANGELES LAKERS,115
2018-10-21 00:00:00+00:00,CHARLOTTE HORNETS,113,MIAMI HEAT,112
2018-10-20 23:30:00+00:00,BOSTON CELTICS,103,NEW YORK KNICKS,101
2018-10-20 23:30:00+00:00,ORLANDO MAGIC,115,PHILADELPHIA 76ERS,116
2018-10-21 02:00:00+00:00,SAN ANTONIO SPURS,108,PORTLAND TRAIL BLAZERS,121
2018-10-20 23:00:00+00:00,TORONTO RAPTORS,117,WASHINGTON WIZARDS,113
2018-10-21 22:00:00+00:00,ATLANTA HAWKS,133,CLEVELAND CAVALIERS,111
2018-10-22 00:00:00+00:00,GOLDEN STATE WARRIORS,98,DENVER NUGGETS,100
2018-10-22 01:00:00+00:00,HOUSTON ROCKETS,112,LOS ANGELES CLIPPERS,115
2018-10-21 23:00:00+00:00,SACRAMENTO KINGS,131,OKLAHOMA CITY THUNDER,120
2018-10-22 23:30:00+00:00,ORLANDO MAGIC,93,BOSTON CELTICS,90
2018-10-23 00:30:00+00:00,CHICAGO BULLS,109,DALLAS MAVERICKS,115
2018-10-23 02:30:00+00:00,PHOENIX SUNS,103,GOLDEN STATE WARRIORS,123
2018-10-23 02:30:00+00:00,SAN ANTONIO SPURS,143,LOS ANGELES LAKERS,142
2018-10-23 00:00:00+00:00,NEW YORK KNICKS,113,MILWAUKEE BUCKS,124
2018-10-23 00:00:00+00:00,INDIANA PACERS,91,MINNESOTA TIMBERWOLVES,101
2018-10-23 02:00:00+00:00,WASHINGTON WIZARDS,125,PORTLAND TRAIL BLAZERS,124
2018-10-22 23:30:00+00:00,CHARLOTTE HORNETS,106,TORONTO RAPTORS,127
2018-10-23 01:00:00+00:00,MEMPHIS GRIZZLIES,92,UTAH JAZZ,84
2018-10-24 01:00:00+00:00,SACRAMENTO KINGS,112,DENVER NUGGETS,126
2018-10-23 23:00:00+00:00,PHILADELPHIA 76ERS,132,DETROIT PISTONS,133
2018-10-24 00:00:00+00:00,LOS ANGELES CLIPPERS,109,NEW ORLEANS PELICANS,116
2018-10-24 23:00:00+00:00,DALLAS MAVERICKS,104,ATLANTA HAWKS,111
2018-10-25 00:00:00+00:00,CHARLOTTE HORNETS,110,CHICAGO BULLS,112
2018-10-24 23:00:00+00:00,BROOKLYN NETS,102,CLEVELAND CAVALIERS,86
2018-10-25 02:30:00+00:00,WASHINGTON WIZARDS,122,GOLDEN STATE WARRIORS,144
2018-10-25 00:00:00+00:00,UTAH JAZZ,100,HOUSTON ROCKETS,89
2018-10-24 23:30:00+00:00,NEW YORK KNICKS,87,MIAMI HEAT,110
2018-10-25 01:30:00+00:00,PHILADELPHIA 76ERS,108,MILWAUKEE BUCKS,123
2018-10-25 02:00:00+00:00,LOS ANGELES LAKERS,131,PHOENIX SUNS,113
2018-10-25 02:00:00+00:00,MEMPHIS GRIZZLIES,92,SACRAMENTO KINGS,97
2018-10-25 00:30:00+00:00,INDIANA PACERS,116,SAN ANTONIO SPURS,96
2018-10-24 23:30:00+00:00,MINNESOTA TIMBERWOLVES,105,TORONTO RAPTORS,112
2018-10-25 23:00:00+00:00,CLEVELAND CAVALIERS,103,DETROIT PISTONS,110
2018-10-26 02:30:00+00:00,DENVER NUGGETS,114,LOS ANGELES LAKERS,121
2018-10-26 00:00:00+00:00,BOSTON CELTICS,101,OKLAHOMA CITY THUNDER,95
2018-10-25 23:00:00+00:00,PORTLAND TRAIL BLAZERS,128,ORLANDO MAGIC,114
2018-10-26 23:00:00+00:00,CHICAGO BULLS,106,CHARLOTTE HORNETS,135
2018-10-27 00:00:00+00:00,LOS ANGELES CLIPPERS,133,HOUSTON ROCKETS,113
2018-10-27 00:00:00+00:00,MILWAUKEE BUCKS,125,MINNESOTA TIMBERWOLVES,95
2018-10-27 00:00:00+00:00,BROOKLYN NETS,115,NEW ORLEANS PELICANS,117
2018-10-26 23:30:00+00:00,GOLDEN STATE WARRIORS,128,NEW YORK KNICKS,100
2018-10-27 02:00:00+00:00,WASHINGTON WIZARDS,112,SACRAMENTO KINGS,116
2018-10-26 23:30:00+00:00,DALLAS MAVERICKS,107,TORONTO RAPTORS,116
2018-10-27 23:30:00+00:00,CHICAGO BULLS,97,ATLANTA HAWKS,85
2018-10-27 23:30:00+00:00,INDIANA PACERS,119,CLEVELAND CAVALIERS,107
2018-10-27 23:00:00+00:00,BOSTON CELTICS,109,DETROIT PISTONS,89
2018-10-28 00:00:00+00:00,PHOENIX SUNS,96,MEMPHIS GRIZZLIES,117
2018-10-28 00:00:00+00:00,PORTLAND TRAIL BLAZERS,111,MIAMI HEAT,120
2018-10-28 00:30:00+00:00,ORLANDO MAGIC,91,MILWAUKEE BUCKS,113
2018-10-27 23:00:00+00:00,UTAH JAZZ,132,NEW ORLEANS PELICANS,111
2018-10-27 23:30:00+00:00,CHARLOTTE HORNETS,103,PHILADELPHIA 76ERS,105
2018-10-28 00:30:00+00:00,LOS ANGELES LAKERS,106,SAN ANTONIO SPURS,110
2018-10-28 21:00:00+00:00,GOLDEN STATE WARRIORS,120,BROOKLYN NETS,114
2018-10-28 23:00:00+00:00,UTAH JAZZ,113,DALLAS MAVERICKS,104
2018-10-29 01:30:00+00:00,WASHINGTON WIZARDS,104,LOS ANGELES CLIPPERS,136
2018-10-28 23:00:00+00:00,PHOENIX SUNS,110,OKLAHOMA CITY THUNDER,117
2018-10-30 00:00:00+00:00,GOLDEN STATE WARRIORS,149,CHICAGO BULLS,124
2018-10-30 01:00:00+00:00,NEW ORLEANS PELICANS,111,DENVER NUGGETS,116
2018-10-29 23:00:00+00:00,PORTLAND TRAIL BLAZERS,103,INDIANA PACERS,93
2018-10-29 23:30:00+00:00,SACRAMENTO KINGS,123,MIAMI HEAT,113
2018-10-30 00:00:00+00:00,TORONTO RAPTORS,109,MILWAUKEE BUCKS,124
2018-10-30 00:00:00+00:00,LOS ANGELES LAKERS,120,MINNESOTA TIMBERWOLVES,124
2018-10-29 23:30:00+00:00,BROOKLYN NETS,96,NEW YORK KNICKS,115
2018-10-29 23:00:00+00:00,ATLANTA HAWKS,92,PHILADELPHIA 76ERS,113
2018-10-30 00:30:00+00:00,DALLAS MAVERICKS,108,SAN ANTONIO SPURS,113
2018-10-30 23:30:00+00:00,DETROIT PISTONS,105,BOSTON CELTICS,108
2018-10-30 23:00:00+00:00,MIAMI HEAT,113,CHARLOTTE HORNETS,125
2018-10-30 23:00:00+00:00,ATLANTA HAWKS,114,CLEVELAND CAVALIERS,136
2018-10-31 00:00:00+00:00,PORTLAND TRAIL BLAZERS,104,HOUSTON ROCKETS,85
2018-10-31 00:00:00+00:00,WASHINGTON WIZARDS,95,MEMPHIS GRIZZLIES,107
2018-10-31 00:00:00+00:00,LOS ANGELES CLIPPERS,110,OKLAHOMA CITY THUNDER,128
2018-10-30 23:00:00+00:00,SACRAMENTO KINGS,107,ORLANDO MAGIC,99
2018-10-30 23:30:00+00:00,PHILADELPHIA 76ERS,112,TORONTO RAPTORS,129
2018-10-31 23:30:00+00:00,DETROIT PISTONS,119,BROOKLYN NETS,120
2018-11-01 00:00:00+00:00,DENVER NUGGETS,108,CHICAGO BULLS,107
2018-11-01 02:30:00+00:00,NEW ORLEANS PELICANS,121,GOLDEN STATE WARRIORS,131
2018-11-01 02:30:00+00:00,DALLAS MAVERICKS,113,LOS ANGELES LAKERS,114
2018-11-01 00:00:00+00:00,UTAH JAZZ,125,MINNESOTA TIMBERWOLVES,128
2018-11-01 00:00:00+00:00,INDIANA PACERS,107,NEW YORK KNICKS,101
2018-11-01 02:30:00+00:00,SAN ANTONIO SPURS,120,PHOENIX SUNS,90
2018-11-01 23:30:00+00:00,SACRAMENTO KINGS,146,ATLANTA HAWKS,115
2018-11-02 00:00:00+00:00,MILWAUKEE BUCKS,113,BOSTON CELTICS,117
2018-11-01 23:00:00+00:00,OKLAHOMA CITY THUNDER,111,CHARLOTTE HORNETS,107
2018-11-01 23:00:00+00:00,DENVER NUGGETS,110,CLEVELAND CAVALIERS,91
2018-11-01 23:00:00+00:00,LOS ANGELES CLIPPERS,113,PHILADELPHIA 76ERS,122
2018-11-02 02:30:00+00:00,NEW ORLEANS PELICANS,119,PORTLAND TRAIL BLAZERS,132
2018-11-02 23:30:00+00:00,HOUSTON ROCKETS,119,BROOKLYN NETS,111
2018-11-03 00:00:00+00:00,INDIANA PACERS,107,CHICAGO BULLS,105
2018-11-03 00:30:00+00:00,NEW YORK KNICKS,118,DALLAS MAVERICKS,106
2018-11-03 02:30:00+00:00,MINNESOTA TIMBERWOLVES,99,GOLDEN STATE WARRIORS,116
2018-11-02 23:00:00+00:00,LOS ANGELES CLIPPERS,120,ORLANDO MAGIC,95
2018-11-03 02:00:00+00:00,TORONTO RAPTORS,107,PHOENIX SUNS,98
2018-11-03 01:00:00+00:00,MEMPHIS GRIZZLIES,110,UTAH JAZZ,100
2018-11-03 00:00:00+00:00,OKLAHOMA CITY THUNDER,134,WASHINGTON WIZARDS,111
2018-11-03 23:30:00+00:00,MIAMI HEAT,118,ATLANTA HAWKS,123
2018-11-04 00:00:00+00:00,HOUSTON ROCKETS,96,CHICAGO BULLS,88
2018-11-03 23:00:00+00:00,CLEVELAND CAVALIERS,94,CHARLOTTE HORNETS,126
2018-11-04 01:00:00+00:00,UTAH JAZZ,88,DENVER NUGGETS,103
2018-11-03 23:00:00+00:00,BOSTON CELTICS,101,INDIANA PACERS,102
2018-11-03 17:00:00+00:00,DETROIT PISTONS,99,PHILADELPHIA 76ERS,109
2018-11-04 02:00:00+00:00,LOS ANGELES LAKERS,114,PORTLAND TRAIL BLAZERS,110
2018-11-04 00:30:00+00:00,NEW ORLEANS PELICANS,95,SAN ANTONIO SPURS,109
2018-11-04 23:00:00+00:00,PHILADELPHIA 76ERS,97,BROOKLYN NETS,122
2018-11-05 02:30:00+00:00,TORONTO RAPTORS,121,LOS ANGELES LAKERS,107
2018-11-04 20:30:00+00:00,SACRAMENTO KINGS,109,MILWAUKEE BUCKS,144
2018-11-05 01:00:00+00:00,MEMPHIS GRIZZLIES,100,PHOENIX SUNS,102
2018-11-05 02:00:00+00:00,MINNESOTA TIMBERWOLVES,81,PORTLAND TRAIL BLAZERS,111
2018-11-05 00:00:00+00:00,ORLANDO MAGIC,117,SAN ANTONIO SPURS,110
2018-11-04 23:00:00+00:00,NEW YORK KNICKS,95,WASHINGTON WIZARDS,108
2018-11-06 02:00:00+00:00,BOSTON CELTICS,107,DENVER NUGGETS,115
2018-11-06 00:00:00+00:00,MIAMI HEAT,120,DETROIT PISTONS,115
2018-11-06 03:30:00+00:00,MEMPHIS GRIZZLIES,101,GOLDEN STATE WARRIORS,117
2018-11-06 00:00:00+00:00,HOUSTON ROCKETS,98,INDIANA PACERS,94
2018-11-06 03:30:00+00:00,MINNESOTA TIMBERWOLVES,109,LOS ANGELES CLIPPERS,120
2018-11-06 00:30:00+00:00,CHICAGO BULLS,116,NEW YORK KNICKS,115
2018-11-06 01:00:00+00:00,NEW ORLEANS PELICANS,116,OKLAHOMA CITY THUNDER,122
2018-11-06 00:00:00+00:00,CLEVELAND CAVALIERS,100,ORLANDO MAGIC,102
2018-11-06 02:00:00+00:00,TORONTO RAPTORS,124,UTAH JAZZ,111
2018-11-07 00:00:00+00:00,ATLANTA HAWKS,102,CHARLOTTE HORNETS,113
2018-11-07 01:30:00+00:00,WASHINGTON WIZARDS,100,DALLAS MAVERICKS,119
2018-11-07 02:00:00+00:00,BROOKLYN NETS,104,PHOENIX SUNS,82
2018-11-07 03:00:00+00:00,MILWAUKEE BUCKS,103,PORTLAND TRAIL BLAZERS,118
2018-11-08 00:30:00+00:00,NEW YORK KNICKS,112,ATLANTA HAWKS,107
2018-11-08 00:00:00+00:00,OKLAHOMA CITY THUNDER,95,CLEVELAND CAVALIERS,86
2018-11-08 01:00:00+00:00,PHILADELPHIA 76ERS,100,INDIANA PACERS,94
2018-11-08 03:30:00+00:00,MINNESOTA TIMBERWOLVES,110,LOS ANGELES LAKERS,114
2018-11-08 01:00:00+00:00,DENVER NUGGETS,87,MEMPHIS GRIZZLIES,89
2018-11-08 00:30:00+00:00,SAN ANTONIO SPURS,88,MIAMI HEAT,95
2018-11-08 01:00:00+00:00,CHICAGO BULLS,98,NEW ORLEANS PELICANS,107
2018-11-08 00:00:00+00:00,DETROIT PISTONS,103,ORLANDO MAGIC,96
2018-11-08 03:00:00+00:00,TORONTO RAPTORS,114,SACRAMENTO KINGS,105
2018-11-08 02:00:00+00:00,DALLAS MAVERICKS,102,UTAH JAZZ,117
2018-11-09 03:30:00+00:00,MILWAUKEE BUCKS,134,GOLDEN STATE WARRIORS,111
2018-11-09 01:00:00+00:00,HOUSTON ROCKETS,80,OKLAHOMA CITY THUNDER,98
2018-11-09 02:00:00+00:00,BOSTON CELTICS,116,PHOENIX SUNS,109
2018-11-09 03:00:00+00:00,LOS ANGELES CLIPPERS,105,PORTLAND TRAIL BLAZERS,116
2018-11-10 00:30:00+00:00,DETROIT PISTONS,124,ATLANTA HAWKS,109
2018-11-10 02:00:00+00:00,BROOKLYN NETS,112,DENVER NUGGETS,110
2018-11-10 01:00:00+00:00,INDIANA PACERS,110,MIAMI HEAT,102
2018-11-10 00:00:00+00:00,WASHINGTON WIZARDS,108,ORLANDO MAGIC,117
2018-11-10 00:00:00+00:00,CHARLOTTE HORNETS,132,PHILADELPHIA 76ERS,133
2018-11-10 03:00:00+00:00,MINNESOTA TIMBERWOLVES,110,SACRAMENTO KINGS,121
2018-11-10 02:30:00+00:00,BOSTON CELTICS,115,UTAH JAZZ,123
2018-11-11 01:00:00+00:00,CLEVELAND CAVALIERS,98,CHICAGO BULLS,99
2018-11-11 02:00:00+00:00,OKLAHOMA CITY THUNDER,96,DALLAS MAVERICKS,111
2018-11-11 01:30:00+00:00,BROOKLYN NETS,100,GOLDEN STATE WARRIORS,116
2018-11-10 20:30:00+00:00,MILWAUKEE BUCKS,126,LOS ANGELES CLIPPERS,128
2018-11-11 01:00:00+00:00,PHILADELPHIA 76ERS,106,MEMPHIS GRIZZLIES,112
2018-11-11 01:00:00+00:00,WASHINGTON WIZARDS,116,MIAMI HEAT,110
2018-11-11 00:00:00+00:00,PHOENIX SUNS,99,NEW ORLEANS PELICANS,119
2018-11-11 03:00:00+00:00,LOS ANGELES LAKERS,101,SACRAMENTO KINGS,86
2018-11-11 01:30:00+00:00,HOUSTON ROCKETS,89,SAN ANTONIO SPURS,96
2018-11-10 20:00:00+00:00,NEW YORK KNICKS,112,TORONTO RAPTORS,128
2018-11-12 01:00:00+00:00,MILWAUKEE BUCKS,121,DENVER NUGGETS,114
2018-11-11 20:30:00+00:00,CHARLOTTE HORNETS,113,DETROIT PISTONS,103
2018-11-12 00:00:00+00:00,INDIANA PACERS,103,HOUSTON ROCKETS,115
2018-11-12 02:30:00+00:00,ATLANTA HAWKS,106,LOS ANGELES LAKERS,107
2018-11-12 00:30:00+00:00,ORLANDO MAGIC,115,NEW YORK KNICKS,89
2018-11-12 02:00:00+00:00,BOSTON CELTICS,94,PORTLAND TRAIL BLAZERS,100
2018-11-13 01:00:00+00:00,DALLAS MAVERICKS,103,CHICAGO BULLS,98
2018-11-13 03:30:00+00:00,GOLDEN STATE WARRIORS,116,LOS ANGELES CLIPPERS,121
2018-11-13 01:00:00+00:00,UTAH JAZZ,96,MEMPHIS GRIZZLIES,88
2018-11-13 00:30:00+00:00,PHILADELPHIA 76ERS,124,MIAMI HEAT,114
2018-11-13 01:00:00+00:00,BROOKLYN NETS,113,MINNESOTA TIMBERWOLVES,120
2018-11-13 01:00:00+00:00,PHOENIX SUNS,101,OKLAHOMA CITY THUNDER,118
2018-11-13 03:00:00+00:00,SAN ANTONIO SPURS,99,SACRAMENTO KINGS,104
2018-11-13 00:30:00+00:00,NEW ORLEANS PELICANS,126,TORONTO RAPTORS,110
2018-11-13 00:00:00+00:00,ORLANDO MAGIC,109,WASHINGTON WIZARDS,117
2018-11-14 00:00:00+00:00,CHARLOTTE HORNETS,89,CLEVELAND CAVALIERS,113
2018-11-14 02:00:00+00:00,HOUSTON ROCKETS,109,DENVER NUGGETS,99
2018-11-14 03:30:00+00:00,ATLANTA HAWKS,103,GOLDEN STATE WARRIORS,110
2018-11-15 00:30:00+00:00,CHICAGO BULLS,82,BOSTON CELTICS,111
2018-11-15 00:30:00+00:00,MIAMI HEAT,120,BROOKLYN NETS,107
2018-11-15 01:30:00+00:00,UTAH JAZZ,68,DALLAS MAVERICKS,118
2018-11-15 03:30:00+00:00,PORTLAND TRAIL BLAZERS,117,LOS ANGELES LAKERS,126
2018-11-15 01:00:00+00:00,MEMPHIS GRIZZLIES,116,MILWAUKEE BUCKS,113
2018-11-15 01:00:00+00:00,NEW ORLEANS PELICANS,100,MINNESOTA TIMBERWOLVES,107
2018-11-15 01:00:00+00:00,NEW YORK KNICKS,103,OKLAHOMA CITY THUNDER,128
2018-11-15 00:00:00+00:00,PHILADELPHIA 76ERS,106,ORLANDO MAGIC,111
2018-11-15 02:00:00+00:00,SAN ANTONIO SPURS,96,PHOENIX SUNS,116
2018-11-15 00:30:00+00:00,DETROIT PISTONS,106,TORONTO RAPTORS,104
2018-11-15 00:00:00+00:00,CLEVELAND CAVALIERS,95,WASHINGTON WIZARDS,119
2018-11-16 02:00:00+00:00,ATLANTA HAWKS,93,DENVER NUGGETS,138
2018-11-16 01:00:00+00:00,GOLDEN STATE WARRIORS,86,HOUSTON ROCKETS,107
2018-11-16 03:30:00+00:00,SAN ANTONIO SPURS,111,LOS ANGELES CLIPPERS,116
2018-11-17 00:00:00+00:00,TORONTO RAPTORS,116,BOSTON CELTICS,123
2018-11-17 00:00:00+00:00,MIAMI HEAT,91,INDIANA PACERS,99
2018-11-17 01:00:00+00:00,SACRAMENTO KINGS,104,MEMPHIS GRIZZLIES,112
2018-11-17 02:30:00+00:00,CHICAGO BULLS,104,MILWAUKEE BUCKS,123
2018-11-17 01:00:00+00:00,PORTLAND TRAIL BLAZERS,96,MINNESOTA TIMBERWOLVES,112
2018-11-17 01:00:00+00:00,NEW YORK KNICKS,124,NEW ORLEANS PELICANS,129
2018-11-17 00:00:00+00:00,UTAH JAZZ,107,PHILADELPHIA 76ERS,113
2018-11-17 00:00:00+00:00,BROOKLYN NETS,115,WASHINGTON WIZARDS,104
2018-11-18 00:30:00+00:00,UTAH JAZZ,98,BOSTON CELTICS,86
2018-11-17 23:00:00+00:00,LOS ANGELES CLIPPERS,127,BROOKLYN NETS,119
2018-11-18 01:00:00+00:00,TORONTO RAPTORS,122,CHICAGO BULLS,83
2018-11-18 00:00:00+00:00,PHILADELPHIA 76ERS,122,CHARLOTTE HORNETS,119
2018-11-18 01:30:00+00:00,GOLDEN STATE WARRIORS,109,DALLAS MAVERICKS,112
2018-11-18 01:00:00+00:00,SACRAMENTO KINGS,112,HOUSTON ROCKETS,132
2018-11-18 00:00:00+00:00,ATLANTA HAWKS,89,INDIANA PACERS,97
2018-11-18 00:00:00+00:00,DENVER NUGGETS,115,NEW ORLEANS PELICANS,125
2018-11-18 00:00:00+00:00,LOS ANGELES LAKERS,117,ORLANDO MAGIC,130
2018-11-18 02:00:00+00:00,OKLAHOMA CITY THUNDER,110,PHOENIX SUNS,100
2018-11-18 23:00:00+00:00,LOS ANGELES LAKERS,113,MIAMI HEAT,97
2018-11-18 20:30:00+00:00,MEMPHIS GRIZZLIES,100,MINNESOTA TIMBERWOLVES,87
2018-11-18 23:00:00+00:00,NEW YORK KNICKS,117,ORLANDO MAGIC,131
2018-11-19 00:00:00+00:00,GOLDEN STATE WARRIORS,92,SAN ANTONIO SPURS,104
2018-11-18 23:00:00+00:00,PORTLAND TRAIL BLAZERS,119,WASHINGTON WIZARDS,109
2018-11-20 00:30:00+00:00,LOS ANGELES CLIPPERS,127,ATLANTA HAWKS,119
2018-11-20 00:00:00+00:00,BOSTON CELTICS,112,CHARLOTTE HORNETS,117
2018-11-20 00:00:00+00:00,CLEVELAND CAVALIERS,102,DETROIT PISTONS,113
2018-11-20 00:00:00+00:00,UTAH JAZZ,94,INDIANA PACERS,121
2018-11-20 01:00:00+00:00,DALLAS MAVERICKS,88,MEMPHIS GRIZZLIES,98
2018-11-20 01:00:00+00:00,DENVER NUGGETS,98,MILWAUKEE BUCKS,104
2018-11-20 01:00:00+00:00,SAN ANTONIO SPURS,126,NEW ORLEANS PELICANS,140
2018-11-20 00:00:00+00:00,PHOENIX SUNS,114,PHILADELPHIA 76ERS,119
2018-11-20 03:00:00+00:00,OKLAHOMA CITY THUNDER,113,SACRAMENTO KINGS,117
2018-11-21 00:30:00+00:00,BROOKLYN NETS,104,MIAMI HEAT,92
2018-11-21 00:30:00+00:00,PORTLAND TRAIL BLAZERS,118,NEW YORK KNICKS,114
2018-11-21 00:00:00+00:00,TORONTO RAPTORS,93,ORLANDO MAGIC,91
2018-11-21 00:00:00+00:00,LOS ANGELES CLIPPERS,118,WASHINGTON WIZARDS,125
2018-11-22 00:30:00+00:00,TORONTO RAPTORS,124,ATLANTA HAWKS,108
2018-11-22 00:30:00+00:00,NEW YORK KNICKS,117,BOSTON CELTICS,109
2018-11-22 01:00:00+00:00,PHOENIX SUNS,116,CHICAGO BULLS,124
2018-11-22 00:00:00+00:00,INDIANA PACERS,109,CHARLOTTE HORNETS,127
2018-11-22 01:00:00+00:00,LOS ANGELES LAKERS,109,CLEVELAND CAVALIERS,105
2018-11-22 01:30:00+00:00,BROOKLYN NETS,113,DALLAS MAVERICKS,119
2018-11-22 03:30:00+00:00,OKLAHOMA CITY THUNDER,123,GOLDEN STATE WARRIORS,95
2018-11-22 01:00:00+00:00,DETROIT PISTONS,124,HOUSTON ROCKETS,126
2018-11-22 01:00:00+00:00,PORTLAND TRAIL BLAZERS,100,MILWAUKEE BUCKS,143
2018-11-22 01:00:00+00:00,DENVER NUGGETS,103,MINNESOTA TIMBERWOLVES,101
2018-11-22 00:00:00+00:00,NEW ORLEANS PELICANS,120,PHILADELPHIA 76ERS,121
2018-11-22 01:30:00+00:00,MEMPHIS GRIZZLIES,104,SAN ANTONIO SPURS,103
2018-11-22 02:00:00+00:00,SACRAMENTO KINGS,119,UTAH JAZZ,110
2018-11-24 00:30:00+00:00,BOSTON CELTICS,114,ATLANTA HAWKS,96
2018-11-23 17:00:00+00:00,MINNESOTA TIMBERWOLVES,112,BROOKLYN NETS,102
2018-11-24 01:00:00+00:00,MIAMI HEAT,103,CHICAGO BULLS,96
2018-11-24 02:00:00+00:00,ORLANDO MAGIC,87,DENVER NUGGETS,112
2018-11-24 00:00:00+00:00,HOUSTON ROCKETS,111,DETROIT PISTONS,116
2018-11-24 03:30:00+00:00,PORTLAND TRAIL BLAZERS,97,GOLDEN STATE WARRIORS,125
2018-11-24 01:00:00+00:00,SAN ANTONIO SPURS,111,INDIANA PACERS,100
2018-11-23 20:30:00+00:00,MEMPHIS GRIZZLIES,107,LOS ANGELES CLIPPERS,112
2018-11-24 03:30:00+00:00,UTAH JAZZ,83,LOS ANGELES LAKERS,90
2018-11-24 01:30:00+00:00,PHOENIX SUNS,116,MILWAUKEE BUCKS,114
2018-11-24 00:30:00+00:00,NEW ORLEANS PELICANS,109,NEW YORK KNICKS,114
2018-11-24 01:00:00+00:00,CHARLOTTE HORNETS,104,OKLAHOMA CITY THUNDER,109
2018-11-24 00:30:00+00:00,CLEVELAND CAVALIERS,121,PHILADELPHIA 76ERS,112
2018-11-24 00:30:00+00:00,WASHINGTON WIZARDS,107,TORONTO RAPTORS,125
2018-11-25 00:30:00+00:00,HOUSTON ROCKETS,108,CLEVELAND CAVALIERS,117
2018-11-25 01:30:00+00:00,BOSTON CELTICS,104,DALLAS MAVERICKS,113
2018-11-25 01:30:00+00:00,SACRAMENTO KINGS,116,GOLDEN STATE WARRIORS,117
2018-11-25 01:30:00+00:00,SAN ANTONIO SPURS,129,MILWAUKEE BUCKS,135
2018-11-25 01:00:00+00:00,CHICAGO BULLS,96,MINNESOTA TIMBERWOLVES,111
2018-11-25 01:00:00+00:00,DENVER NUGGETS,105,OKLAHOMA CITY THUNDER,98
2018-11-25 01:00:00+00:00,NEW ORLEANS PELICANS,114,WASHINGTON WIZARDS,124
2018-11-25 23:00:00+00:00,CHARLOTTE HORNETS,123,ATLANTA HAWKS,124
2018-11-25 23:00:00+00:00,PHILADELPHIA 76ERS,127,BROOKLYN NETS,125
2018-11-25 21:00:00+00:00,PHOENIX SUNS,107,DETROIT PISTONS,118
2018-11-25 20:30:00+00:00,ORLANDO MAGIC,108,LOS ANGELES LAKERS,104
2018-11-25 23:00:00+00:00,NEW YORK KNICKS,103,MEMPHIS GRIZZLIES,98
2018-11-26 02:00:00+00:00,LOS ANGELES CLIPPERS,104,PORTLAND TRAIL BLAZERS,100
2018-11-26 01:00:00+00:00,UTAH JAZZ,133,SACRAMENTO KINGS,112
2018-11-25 23:00:00+00:00,MIAMI HEAT,115,TORONTO RAPTORS,125
2018-11-27 01:00:00+00:00,SAN ANTONIO SPURS,108,CHICAGO BULLS,107
2018-11-27 00:00:00+00:00,MILWAUKEE BUCKS,107,CHARLOTTE HORNETS,110
2018-11-27 00:00:00+00:00,MINNESOTA TIMBERWOLVES,102,CLEVELAND CAVALIERS,95
2018-11-27 03:30:00+00:00,ORLANDO MAGIC,110,GOLDEN STATE WARRIORS,116
2018-11-27 01:00:00+00:00,BOSTON CELTICS,124,NEW ORLEANS PELICANS,107
2018-11-27 02:00:00+00:00,INDIANA PACERS,121,UTAH JAZZ,88
2018-11-27 00:00:00+00:00,HOUSTON ROCKETS,131,WASHINGTON WIZARDS,135
2018-11-28 02:00:00+00:00,LOS ANGELES LAKERS,85,DENVER NUGGETS,117
2018-11-28 00:00:00+00:00,NEW YORK KNICKS,108,DETROIT PISTONS,115
2018-11-28 01:00:00+00:00,TORONTO RAPTORS,122,MEMPHIS GRIZZLIES,114
2018-11-28 00:30:00+00:00,ATLANTA HAWKS,115,MIAMI HEAT,113
2018-11-28 02:00:00+00:00,INDIANA PACERS,109,PHOENIX SUNS,104
2018-11-29 00:30:00+00:00,UTAH JAZZ,101,BROOKLYN NETS,91
2018-11-29 00:00:00+00:00,ATLANTA HAWKS,94,CHARLOTTE HORNETS,108
2018-11-29 01:00:00+00:00,DALLAS MAVERICKS,128,HOUSTON ROCKETS,108
2018-11-29 03:30:00+00:00,PHOENIX SUNS,99,LOS ANGELES CLIPPERS,115
2018-11-29 01:00:00+00:00,CHICAGO BULLS,113,MILWAUKEE BUCKS,116
2018-11-29 01:00:00+00:00,SAN ANTONIO SPURS,89,MINNESOTA TIMBERWOLVES,128
2018-11-29 01:00:00+00:00,WASHINGTON WIZARDS,104,NEW ORLEANS PELICANS,125
2018-11-29 01:00:00+00:00,CLEVELAND CAVALIERS,83,OKLAHOMA CITY THUNDER,100
2018-11-29 00:00:00+00:00,NEW YORK KNICKS,91,PHILADELPHIA 76ERS,117
2018-11-29 03:00:00+00:00,ORLANDO MAGIC,112,PORTLAND TRAIL BLAZERS,115
2018-11-30 03:30:00+00:00,INDIANA PACERS,96,LOS ANGELES LAKERS,104
2018-11-30 03:30:00+00:00,LOS ANGELES CLIPPERS,133,SACRAMENTO KINGS,121
2018-11-30 01:00:00+00:00,GOLDEN STATE WARRIORS,128,TORONTO RAPTORS,131
2018-12-01 00:00:00+00:00,CLEVELAND CAVALIERS,95,BOSTON CELTICS,128
2018-12-01 00:30:00+00:00,MEMPHIS GRIZZLIES,131,BROOKLYN NETS,125
2018-12-01 00:00:00+00:00,UTAH JAZZ,119,CHARLOTTE HORNETS,111
2018-12-01 00:00:00+00:00,CHICAGO BULLS,88,DETROIT PISTONS,107
2018-12-01 03:30:00+00:00,DALLAS MAVERICKS,103,LOS ANGELES LAKERS,114
2018-12-01 01:00:00+00:00,NEW ORLEANS PELICANS,101,MIAMI HEAT,106
2018-12-01 01:00:00+00:00,ATLANTA HAWKS,109,OKLAHOMA CITY THUNDER,124
2018-12-01 00:00:00+00:00,WASHINGTON WIZARDS,98,PHILADELPHIA 76ERS,123
2018-12-01 02:00:00+00:00,ORLANDO MAGIC,99,PHOENIX SUNS,85
2018-12-01 03:30:00+00:00,DENVER NUGGETS,113,PORTLAND TRAIL BLAZERS,112
2018-12-01 01:00:00+00:00,HOUSTON ROCKETS,136,SAN ANTONIO SPURS,105
2018-12-02 01:00:00+00:00,TORONTO RAPTORS,106,CLEVELAND CAVALIERS,95
2018-12-02 00:00:00+00:00,GOLDEN STATE WARRIORS,102,DETROIT PISTONS,111
2018-12-02 01:00:00+00:00,CHICAGO BULLS,105,HOUSTON ROCKETS,121
2018-12-02 01:00:00+00:00,BOSTON CELTICS,118,MINNESOTA TIMBERWOLVES,109
2018-12-01 22:00:00+00:00,MILWAUKEE BUCKS,134,NEW YORK KNICKS,136
2018-12-02 03:00:00+00:00,INDIANA PACERS,110,SACRAMENTO KINGS,111
2018-12-02 00:00:00+00:00,BROOKLYN NETS,88,WASHINGTON WIZARDS,102
2018-12-02 22:00:00+00:00,NEW ORLEANS PELICANS,119,CHARLOTTE HORNETS,109
2018-12-03 00:00:00+00:00,LOS ANGELES CLIPPERS,110,DALLAS MAVERICKS,114
2018-12-02 20:30:00+00:00,PHOENIX SUNS,96,LOS ANGELES LAKERS,120
2018-12-02 23:00:00+00:00,UTAH JAZZ,100,MIAMI HEAT,102
2018-12-02 23:00:00+00:00,MEMPHIS GRIZZLIES,95,PHILADELPHIA 76ERS,103
2018-12-03 00:00:00+00:00,PORTLAND TRAIL BLAZERS,118,SAN ANTONIO SPURS,131
2018-12-04 00:30:00+00:00,GOLDEN STATE WARRIORS,128,ATLANTA HAWKS,111
2018-12-04 00:30:00+00:00,CLEVELAND CAVALIERS,99,BROOKLYN NETS,97
2018-12-04 00:00:00+00:00,OKLAHOMA CITY THUNDER,110,DETROIT PISTONS,83
2018-12-04 01:00:00+00:00,HOUSTON ROCKETS,91,MINNESOTA TIMBERWOLVES,103
2018-12-04 01:00:00+00:00,LOS ANGELES CLIPPERS,129,NEW ORLEANS PELICANS,126
2018-12-04 00:30:00+00:00,WASHINGTON WIZARDS,110,NEW YORK KNICKS,107
2018-12-04 00:30:00+00:00,DENVER NUGGETS,106,TORONTO RAPTORS,103
2018-12-05 01:30:00+00:00,PORTLAND TRAIL BLAZERS,102,DALLAS MAVERICKS,111
2018-12-05 00:00:00+00:00,CHICAGO BULLS,90,INDIANA PACERS,96
2018-12-05 00:30:00+00:00,ORLANDO MAGIC,105,MIAMI HEAT,90
2018-12-05 02:00:00+00:00,SACRAMENTO KINGS,122,PHOENIX SUNS,105
2018-12-05 02:00:00+00:00,SAN ANTONIO SPURS,105,UTAH JAZZ,139
2018-12-06 00:30:00+00:00,WASHINGTON WIZARDS,131,ATLANTA HAWKS,117
2018-12-06 00:30:00+00:00,OKLAHOMA CITY THUNDER,114,BROOKLYN NETS,112
2018-12-06 00:00:00+00:00,GOLDEN STATE WARRIORS,129,CLEVELAND CAVALIERS,105
2018-12-06 03:30:00+00:00,SAN ANTONIO SPURS,113,LOS ANGELES LAKERS,121
2018-12-06 01:00:00+00:00,LOS ANGELES CLIPPERS,86,MEMPHIS GRIZZLIES,96
2018-12-06 01:00:00+00:00,DETROIT PISTONS,92,MILWAUKEE BUCKS,115
2018-12-06 01:00:00+00:00,CHARLOTTE HORNETS,104,MINNESOTA TIMBERWOLVES,121
2018-12-06 01:00:00+00:00,DALLAS MAVERICKS,106,NEW ORLEANS PELICANS,132
2018-12-06 00:00:00+00:00,DENVER NUGGETS,124,ORLANDO MAGIC,118
2018-12-06 01:00:00+00:00,PHILADELPHIA 76ERS,102,TORONTO RAPTORS,113
2018-12-07 01:00:00+00:00,NEW YORK KNICKS,100,BOSTON CELTICS,128
2018-12-07 03:00:00+00:00,PHOENIX SUNS,86,PORTLAND TRAIL BLAZERS,108
2018-12-07 03:30:00+00:00,HOUSTON ROCKETS,91,UTAH JAZZ,118
2018-12-08 00:30:00+00:00,TORONTO RAPTORS,105,BROOKLYN NETS,106
2018-12-08 01:00:00+00:00,OKLAHOMA CITY THUNDER,112,CHICAGO BULLS,114
2018-12-08 00:00:00+00:00,DENVER NUGGETS,107,CHARLOTTE HORNETS,113
2018-12-08 00:30:00+00:00,SACRAMENTO KINGS,129,CLEVELAND CAVALIERS,110
2018-12-08 00:00:00+00:00,PHILADELPHIA 76ERS,117,DETROIT PISTONS,111
2018-12-08 02:30:00+00:00,GOLDEN STATE WARRIORS,105,MILWAUKEE BUCKS,95
2018-12-08 01:00:00+00:00,MEMPHIS GRIZZLIES,107,NEW ORLEANS PELICANS,103
2018-12-08 00:00:00+00:00,INDIANA PACERS,112,ORLANDO MAGIC,90
2018-12-08 02:00:00+00:00,MIAMI HEAT,115,PHOENIX SUNS,98
2018-12-08 01:30:00+00:00,LOS ANGELES LAKERS,120,SAN ANTONIO SPURS,133
2018-12-09 00:30:00+00:00,DENVER NUGGETS,98,ATLANTA HAWKS,106
2018-12-09 01:00:00+00:00,BOSTON CELTICS,133,CHICAGO BULLS,77
2018-12-09 00:30:00+00:00,WASHINGTON WIZARDS,101,CLEVELAND CAVALIERS,116
2018-12-08 23:00:00+00:00,HOUSTON ROCKETS,104,DALLAS MAVERICKS,107
2018-12-09 00:00:00+00:00,SACRAMENTO KINGS,97,INDIANA PACERS,107
2018-12-09 03:30:00+00:00,MIAMI HEAT,121,LOS ANGELES CLIPPERS,98
2018-12-09 01:00:00+00:00,LOS ANGELES LAKERS,111,MEMPHIS GRIZZLIES,88
2018-12-09 00:30:00+00:00,BROOKLYN NETS,112,NEW YORK KNICKS,104
2018-12-09 03:00:00+00:00,MINNESOTA TIMBERWOLVES,105,PORTLAND TRAIL BLAZERS,113
2018-12-09 20:30:00+00:00,NEW ORLEANS PELICANS,116,DETROIT PISTONS,108
2018-12-10 00:30:00+00:00,CHARLOTTE HORNETS,119,NEW YORK KNICKS,107
2018-12-10 00:00:00+00:00,UTAH JAZZ,97,SAN ANTONIO SPURS,110
2018-12-09 23:00:00+00:00,MILWAUKEE BUCKS,104,TORONTO RAPTORS,99
2018-12-11 00:30:00+00:00,NEW ORLEANS PELICANS,100,BOSTON CELTICS,113
2018-12-11 01:00:00+00:00,SACRAMENTO KINGS,108,CHICAGO BULLS,89
2018-12-11 01:30:00+00:00,ORLANDO MAGIC,76,DALLAS MAVERICKS,101
2018-12-11 02:00:00+00:00,MEMPHIS GRIZZLIES,99,DENVER NUGGETS,105
2018-12-11 03:30:00+00:00,MINNESOTA TIMBERWOLVES,108,GOLDEN STATE WARRIORS,116
2018-12-11 00:00:00+00:00,WASHINGTON WIZARDS,101,INDIANA PACERS,109
2018-12-11 03:30:00+00:00,MIAMI HEAT,105,LOS ANGELES LAKERS,108
2018-12-11 01:00:00+00:00,CLEVELAND CAVALIERS,92,MILWAUKEE BUCKS,108
2018-12-11 01:00:00+00:00,UTAH JAZZ,113,OKLAHOMA CITY THUNDER,122
2018-12-11 00:00:00+00:00,DETROIT PISTONS,102,PHILADELPHIA 76ERS,116
2018-12-11 02:00:00+00:00,LOS ANGELES CLIPPERS,123,PHOENIX SUNS,119
2018-12-12 01:00:00+00:00,PORTLAND TRAIL BLAZERS,104,HOUSTON ROCKETS,111
2018-12-12 03:30:00+00:00,TORONTO RAPTORS,123,LOS ANGELES CLIPPERS,99
2018-12-12 01:30:00+00:00,PHOENIX SUNS,86,SAN ANTONIO SPURS,111
2018-12-13 00:00:00+00:00,DETROIT PISTONS,107,CHARLOTTE HORNETS,108
2018-12-13 00:00:00+00:00,NEW YORK KNICKS,106,CLEVELAND CAVALIERS,113
2018-12-13 01:30:00+00:00,ATLANTA HAWKS,107,DALLAS MAVERICKS,114
2018-12-13 03:30:00+00:00,TORONTO RAPTORS,113,GOLDEN STATE WARRIORS,93
2018-12-13 00:00:00+00:00,MILWAUKEE BUCKS,97,INDIANA PACERS,113
2018-12-13 01:00:00+00:00,PORTLAND TRAIL BLAZERS,83,MEMPHIS GRIZZLIES,92
2018-12-13 01:00:00+00:00,OKLAHOMA CITY THUNDER,114,NEW ORLEANS PELICANS,118
2018-12-13 00:00:00+00:00,BROOKLYN NETS,127,PHILADELPHIA 76ERS,124
2018-12-13 03:00:00+00:00,MINNESOTA TIMBERWOLVES,130,SACRAMENTO KINGS,141
2018-12-13 02:00:00+00:00,MIAMI HEAT,84,UTAH JAZZ,111
2018-12-13 00:00:00+00:00,BOSTON CELTICS,130,WASHINGTON WIZARDS,125
2018-12-14 01:00:00+00:00,LOS ANGELES LAKERS,111,HOUSTON ROCKETS,126
2018-12-14 02:30:00+00:00,CHICAGO BULLS,91,ORLANDO MAGIC,97
2018-12-14 03:30:00+00:00,DALLAS MAVERICKS,89,PHOENIX SUNS,99
2018-12-14 01:30:00+00:00,LOS ANGELES CLIPPERS,87,SAN ANTONIO SPURS,125
2018-12-15 00:00:00+00:00,ATLANTA HAWKS,108,BOSTON CELTICS,129
2018-12-15 00:30:00+00:00,WASHINGTON WIZARDS,118,BROOKLYN NETS,125
2018-12-15 00:00:00+00:00,NEW YORK KNICKS,126,CHARLOTTE HORNETS,124
2018-12-15 00:30:00+00:00,MILWAUKEE BUCKS,114,CLEVELAND CAVALIERS,102
2018-12-15 03:00:00+00:00,OKLAHOMA CITY THUNDER,98,DENVER NUGGETS,109
2018-12-15 01:00:00+00:00,MIAMI HEAT,100,MEMPHIS GRIZZLIES,97
2018-12-15 00:30:00+00:00,INDIANA PACERS,113,PHILADELPHIA 76ERS,101
2018-12-15 03:00:00+00:00,TORONTO RAPTORS,122,PORTLAND TRAIL BLAZERS,128
2018-12-15 03:00:00+00:00,GOLDEN STATE WARRIORS,130,SACRAMENTO KINGS,125
2018-12-16 00:00:00+00:00,LOS ANGELES LAKERS,128,CHARLOTTE HORNETS,100
2018-12-16 00:00:00+00:00,BOSTON CELTICS,104,DETROIT PISTONS,113
2018-12-16 01:00:00+00:00,HOUSTON ROCKETS,105,MEMPHIS GRIZZLIES,97
2018-12-16 02:00:00+00:00,LOS ANGELES CLIPPERS,104,OKLAHOMA CITY THUNDER,110
2018-12-15 22:00:00+00:00,UTAH JAZZ,89,ORLANDO MAGIC,96
2018-12-16 02:00:00+00:00,MINNESOTA TIMBERWOLVES,99,PHOENIX SUNS,107
2018-12-16 01:30:00+00:00,CHICAGO BULLS,98,SAN ANTONIO SPURS,93
2018-12-16 20:00:00+00:00,ATLANTA HAWKS,127,BROOKLYN NETS,144
2018-12-16 20:30:00+00:00,PHILADELPHIA 76ERS,128,CLEVELAND CAVALIERS,105
2018-12-17 00:00:00+00:00,SACRAMENTO KINGS,120,DALLAS MAVERICKS,113
2018-12-17 01:00:00+00:00,TORONTO RAPTORS,86,DENVER NUGGETS,95
2018-12-16 22:00:00+00:00,NEW YORK KNICKS,99,INDIANA PACERS,110
2018-12-17 00:00:00+00:00,MIAMI HEAT,102,NEW ORLEANS PELICANS,96
2018-12-16 23:00:00+00:00,LOS ANGELES LAKERS,110,WASHINGTON WIZARDS,128
2018-12-18 00:00:00+00:00,MILWAUKEE BUCKS,107,DETROIT PISTONS,104
2018-12-18 03:30:00+00:00,MEMPHIS GRIZZLIES,93,GOLDEN STATE WARRIORS,110
2018-12-18 01:00:00+00:00,UTAH JAZZ,97,HOUSTON ROCKETS,102
2018-12-18 03:30:00+00:00,PORTLAND TRAIL BLAZERS,131,LOS ANGELES CLIPPERS,127
2018-12-18 01:00:00+00:00,SACRAMENTO KINGS,105,MINNESOTA TIMBERWOLVES,132
2018-12-18 00:30:00+00:00,PHOENIX SUNS,128,NEW YORK KNICKS,110
2018-12-18 01:00:00+00:00,CHICAGO BULLS,96,OKLAHOMA CITY THUNDER,121
2018-12-18 01:30:00+00:00,PHILADELPHIA 76ERS,96,SAN ANTONIO SPURS,123
2018-12-19 00:30:00+00:00,WASHINGTON WIZARDS,110,ATLANTA HAWKS,118
2018-12-19 00:30:00+00:00,LOS ANGELES LAKERS,110,BROOKLYN NETS,115
2018-12-19 02:00:00+00:00,DALLAS MAVERICKS,118,DENVER NUGGETS,126
2018-12-19 00:00:00+00:00,CLEVELAND CAVALIERS,92,INDIANA PACERS,91
2018-12-20 00:30:00+00:00,PHOENIX SUNS,111,BOSTON CELTICS,103
2018-12-20 01:00:00+00:00,BROOKLYN NETS,96,CHICAGO BULLS,93
2018-12-20 00:00:00+00:00,CLEVELAND CAVALIERS,99,CHARLOTTE HORNETS,110
2018-12-20 01:00:00+00:00,WASHINGTON WIZARDS,118,HOUSTON ROCKETS,136
2018-12-20 01:00:00+00:00,NEW ORLEANS PELICANS,115,MILWAUKEE BUCKS,123
2018-12-20 01:00:00+00:00,DETROIT PISTONS,129,MINNESOTA TIMBERWOLVES,123
2018-12-20 00:00:00+00:00,SAN ANTONIO SPURS,129,ORLANDO MAGIC,90
2018-12-20 00:00:00+00:00,NEW YORK KNICKS,109,PHILADELPHIA 76ERS,131
2018-12-20 03:00:00+00:00,MEMPHIS GRIZZLIES,92,PORTLAND TRAIL BLAZERS,99
2018-12-20 03:00:00+00:00,OKLAHOMA CITY THUNDER,132,SACRAMENTO KINGS,113
2018-12-20 00:30:00+00:00,INDIANA PACERS,96,TORONTO RAPTORS,99
2018-12-20 02:00:00+00:00,GOLDEN STATE WARRIORS,103,UTAH JAZZ,108
2018-12-21 03:30:00+00:00,DALLAS MAVERICKS,121,LOS ANGELES CLIPPERS,125
2018-12-21 01:00:00+00:00,HOUSTON ROCKETS,99,MIAMI HEAT,101
2018-12-22 01:00:00+00:00,MILWAUKEE BUCKS,120,BOSTON CELTICS,107
2018-12-22 00:30:00+00:00,INDIANA PACERS,114,BROOKLYN NETS,106
2018-12-22 01:00:00+00:00,ORLANDO MAGIC,80,CHICAGO BULLS,90
2018-12-22 00:00:00+00:00,DETROIT PISTONS,86,CHARLOTTE HORNETS,98
2018-12-22 03:30:00+00:00,NEW ORLEANS PELICANS,104,LOS ANGELES LAKERS,112
2018-12-22 00:30:00+00:00,ATLANTA HAWKS,114,NEW YORK KNICKS,107
2018-12-22 03:00:00+00:00,UTAH JAZZ,120,PORTLAND TRAIL BLAZERS,90
2018-12-22 03:00:00+00:00,MEMPHIS GRIZZLIES,99,SACRAMENTO KINGS,102
2018-12-22 01:30:00+00:00,MINNESOTA TIMBERWOLVES,98,SAN ANTONIO SPURS,124
2018-12-22 00:00:00+00:00,CLEVELAND CAVALIERS,110,TORONTO RAPTORS,126
2018-12-23 01:30:00+00:00,DALLAS MAVERICKS,116,GOLDEN STATE WARRIORS,120
2018-12-23 01:00:00+00:00,SAN ANTONIO SPURS,101,HOUSTON ROCKETS,108
2018-12-22 22:00:00+00:00,DENVER NUGGETS,111,LOS ANGELES CLIPPERS,132
2018-12-23 01:00:00+00:00,MILWAUKEE BUCKS,87,MIAMI HEAT,94
2018-12-23 00:30:00+00:00,TORONTO RAPTORS,101,PHILADELPHIA 76ERS,126
2018-12-23 02:00:00+00:00,OKLAHOMA CITY THUNDER,107,UTAH JAZZ,106
2018-12-23 00:00:00+00:00,PHOENIX SUNS,146,WASHINGTON WIZARDS,149
2018-12-23 23:00:00+00:00,CHARLOTTE HORNETS,103,BOSTON CELTICS,119
2018-12-23 23:00:00+00:00,PHOENIX SUNS,103,BROOKLYN NETS,111
2018-12-23 23:00:00+00:00,CHICAGO BULLS,112,CLEVELAND CAVALIERS,92
2018-12-23 21:00:00+00:00,ATLANTA HAWKS,98,DETROIT PISTONS,95
2018-12-24 01:30:00+00:00,LOS ANGELES CLIPPERS,127,GOLDEN STATE WARRIORS,129
2018-12-23 22:00:00+00:00,WASHINGTON WIZARDS,89,INDIANA PACERS,105
2018-12-24 02:30:00+00:00,MEMPHIS GRIZZLIES,107,LOS ANGELES LAKERS,99
2018-12-24 01:00:00+00:00,MINNESOTA TIMBERWOLVES,114,OKLAHOMA CITY THUNDER,112
2018-12-23 23:00:00+00:00,MIAMI HEAT,115,ORLANDO MAGIC,91
2018-12-24 02:00:00+00:00,DALLAS MAVERICKS,118,PORTLAND TRAIL BLAZERS,121
2018-12-23 23:00:00+00:00,NEW ORLEANS PELICANS,117,SACRAMENTO KINGS,122
2018-12-25 22:30:00+00:00,PHILADELPHIA 76ERS,114,BOSTON CELTICS,121
2018-12-26 01:00:00+00:00,LOS ANGELES LAKERS,127,GOLDEN STATE WARRIORS,101
2018-12-25 20:00:00+00:00,OKLAHOMA CITY THUNDER,109,HOUSTON ROCKETS,113
2018-12-25 17:00:00+00:00,MILWAUKEE BUCKS,109,NEW YORK KNICKS,95
2018-12-26 03:30:00+00:00,PORTLAND TRAIL BLAZERS,96,UTAH JAZZ,117
2018-12-27 00:30:00+00:00,INDIANA PACERS,129,ATLANTA HAWKS,121
2018-12-27 00:30:00+00:00,CHARLOTTE HORNETS,132,BROOKLYN NETS,134
2018-12-27 01:00:00+00:00,MINNESOTA TIMBERWOLVES,119,CHICAGO BULLS,94
2018-12-27 01:30:00+00:00,NEW ORLEANS PELICANS,119,DALLAS MAVERICKS,122
2018-12-27 00:00:00+00:00,WASHINGTON WIZARDS,95,DETROIT PISTONS,106
2018-12-27 03:30:00+00:00,SACRAMENTO KINGS,118,LOS ANGELES CLIPPERS,127
2018-12-27 01:00:00+00:00,CLEVELAND CAVALIERS,87,MEMPHIS GRIZZLIES,95
2018-12-27 00:30:00+00:00,TORONTO RAPTORS,106,MIAMI HEAT,104
2018-12-27 00:00:00+00:00,PHOENIX SUNS,122,ORLANDO MAGIC,120
2018-12-27 01:30:00+00:00,DENVER NUGGETS,103,SAN ANTONIO SPURS,111
2018-12-28 03:30:00+00:00,PORTLAND TRAIL BLAZERS,110,GOLDEN STATE WARRIORS,109
2018-12-28 01:00:00+00:00,BOSTON CELTICS,113,HOUSTON ROCKETS,127
2018-12-28 01:00:00+00:00,NEW YORK KNICKS,96,MILWAUKEE BUCKS,112
2018-12-28 03:00:00+00:00,LOS ANGELES LAKERS,116,SACRAMENTO KINGS,117
2018-12-28 03:30:00+00:00,PHILADELPHIA 76ERS,114,UTAH JAZZ,97
2018-12-29 00:00:00+00:00,BROOKLYN NETS,87,CHARLOTTE HORNETS,100
2018-12-29 02:00:00+00:00,SAN ANTONIO SPURS,99,DENVER NUGGETS,102
2018-12-29 00:00:00+00:00,DETROIT PISTONS,88,INDIANA PACERS,125
2018-12-29 03:30:00+00:00,LOS ANGELES CLIPPERS,118,LOS ANGELES LAKERS,107
2018-12-29 01:00:00+00:00,CLEVELAND CAVALIERS,94,MIAMI HEAT,118
2018-12-29 01:00:00+00:00,ATLANTA HAWKS,123,MINNESOTA TIMBERWOLVES,120
2018-12-29 01:00:00+00:00,DALLAS MAVERICKS,112,NEW ORLEANS PELICANS,114
2018-12-29 00:00:00+00:00,TORONTO RAPTORS,87,ORLANDO MAGIC,116
2018-12-29 02:00:00+00:00,OKLAHOMA CITY THUNDER,118,PHOENIX SUNS,102
2018-12-29 00:00:00+00:00,CHICAGO BULLS,101,WASHINGTON WIZARDS,92
2018-12-30 00:30:00+00:00,CLEVELAND CAVALIERS,108,ATLANTA HAWKS,111
2018-12-30 03:30:00+00:00,SAN ANTONIO SPURS,122,LOS ANGELES CLIPPERS,111
2018-12-30 01:00:00+00:00,BOSTON CELTICS,112,MEMPHIS GRIZZLIES,103
2018-12-29 22:00:00+00:00,BROOKLYN NETS,115,MILWAUKEE BUCKS,129
2018-12-30 00:00:00+00:00,HOUSTON ROCKETS,108,NEW ORLEANS PELICANS,104
2018-12-30 02:00:00+00:00,DENVER NUGGETS,122,PHOENIX SUNS,118
2018-12-30 03:00:00+00:00,GOLDEN STATE WARRIORS,115,PORTLAND TRAIL BLAZERS,105
2018-12-30 01:00:00+00:00,NEW YORK KNICKS,97,UTAH JAZZ,129
2018-12-30 00:00:00+00:00,CHARLOTTE HORNETS,126,WASHINGTON WIZARDS,130
2018-12-31 00:00:00+00:00,OKLAHOMA CITY THUNDER,103,DALLAS MAVERICKS,105
2018-12-31 02:30:00+00:00,SACRAMENTO KINGS,114,LOS ANGELES LAKERS,121
2018-12-30 23:00:00+00:00,MINNESOTA TIMBERWOLVES,113,MIAMI HEAT,104
2018-12-30 20:30:00+00:00,DETROIT PISTONS,107,ORLANDO MAGIC,109
2018-12-31 02:00:00+00:00,PHILADELPHIA 76ERS,95,PORTLAND TRAIL BLAZERS,129
2018-12-30 23:00:00+00:00,CHICAGO BULLS,89,TORONTO RAPTORS,95
2018-12-31 23:00:00+00:00,ORLANDO MAGIC,100,CHARLOTTE HORNETS,125
2019-01-01 00:00:00+00:00,MEMPHIS GRIZZLIES,101,HOUSTON ROCKETS,113
2018-12-31 20:00:00+00:00,ATLANTA HAWKS,108,INDIANA PACERS,116
2019-01-01 01:00:00+00:00,MINNESOTA TIMBERWOLVES,114,NEW ORLEANS PELICANS,123
2019-01-01 01:00:00+00:00,DALLAS MAVERICKS,102,OKLAHOMA CITY THUNDER,122
2019-01-01 02:00:00+00:00,GOLDEN STATE WARRIORS,132,PHOENIX SUNS,109
2019-01-01 00:00:00+00:00,BOSTON CELTICS,111,SAN ANTONIO SPURS,120
2019-01-02 02:00:00+00:00,NEW YORK KNICKS,108,DENVER NUGGETS,115
2019-01-02 03:30:00+00:00,PHILADELPHIA 76ERS,119,LOS ANGELES CLIPPERS,113
2019-01-02 01:00:00+00:00,DETROIT PISTONS,98,MILWAUKEE BUCKS,121
2019-01-02 02:00:00+00:00,PORTLAND TRAIL BLAZERS,113,SACRAMENTO KINGS,108
2019-01-02 00:30:00+00:00,UTAH JAZZ,116,TORONTO RAPTORS,122
2019-01-03 01:00:00+00:00,MINNESOTA TIMBERWOLVES,102,BOSTON CELTICS,115
2019-01-03 00:30:00+00:00,NEW ORLEANS PELICANS,121,BROOKLYN NETS,126
2019-01-03 01:00:00+00:00,ORLANDO MAGIC,112,CHICAGO BULLS,84
2019-01-03 00:00:00+00:00,DALLAS MAVERICKS,122,CHARLOTTE HORNETS,84
2019-01-03 00:00:00+00:00,MIAMI HEAT,117,CLEVELAND CAVALIERS,92
2019-01-03 03:30:00+00:00,OKLAHOMA CITY THUNDER,107,LOS ANGELES LAKERS,100
2019-01-03 01:00:00+00:00,DETROIT PISTONS,101,MEMPHIS GRIZZLIES,94
2019-01-03 02:00:00+00:00,PHILADELPHIA 76ERS,132,PHOENIX SUNS,127
2019-01-03 00:00:00+00:00,ATLANTA HAWKS,98,WASHINGTON WIZARDS,114
2019-01-04 03:30:00+00:00,HOUSTON ROCKETS,135,GOLDEN STATE WARRIORS,134
2019-01-04 03:00:00+00:00,DENVER NUGGETS,117,SACRAMENTO KINGS,113
2019-01-04 01:00:00+00:00,TORONTO RAPTORS,107,SAN ANTONIO SPURS,125
2019-01-05 01:00:00+00:00,DALLAS MAVERICKS,93,BOSTON CELTICS,114
2019-01-05 01:00:00+00:00,INDIANA PACERS,119,CHICAGO BULLS,116
2019-01-05 00:30:00+00:00,UTAH JAZZ,117,CLEVELAND CAVALIERS,91
2019-01-05 03:30:00+00:00,NEW YORK KNICKS,119,LOS ANGELES LAKERS,112
2019-01-05 01:00:00+00:00,BROOKLYN NETS,109,MEMPHIS GRIZZLIES,100
2019-01-05 01:00:00+00:00,WASHINGTON WIZARDS,109,MIAMI HEAT,115
2019-01-05 01:30:00+00:00,ATLANTA HAWKS,112,MILWAUKEE BUCKS,144
2019-01-05 01:00:00+00:00,ORLANDO MAGIC,103,MINNESOTA TIMBERWOLVES,120
2019-01-05 02:00:00+00:00,LOS ANGELES CLIPPERS,121,PHOENIX SUNS,111
2019-01-05 03:30:00+00:00,OKLAHOMA CITY THUNDER,111,PORTLAND TRAIL BLAZERS,109
2019-01-06 01:00:00+00:00,NEW ORLEANS PELICANS,133,CLEVELAND CAVALIERS,98
2019-01-05 22:00:00+00:00,CHARLOTTE HORNETS,110,DENVER NUGGETS,123
2019-01-06 00:00:00+00:00,UTAH JAZZ,110,DETROIT PISTONS,105
2019-01-06 01:30:00+00:00,TORONTO RAPTORS,123,MILWAUKEE BUCKS,116
2019-01-06 00:30:00+00:00,DALLAS MAVERICKS,100,PHILADELPHIA 76ERS,106
2019-01-06 03:00:00+00:00,HOUSTON ROCKETS,101,PORTLAND TRAIL BLAZERS,110
2019-01-06 03:00:00+00:00,GOLDEN STATE WARRIORS,127,SACRAMENTO KINGS,123
2019-01-06 01:30:00+00:00,MEMPHIS GRIZZLIES,88,SAN ANTONIO SPURS,108
2019-01-06 23:00:00+00:00,MIAMI HEAT,82,ATLANTA HAWKS,106
2019-01-06 20:30:00+00:00,BROOKLYN NETS,117,CHICAGO BULLS,100
2019-01-06 20:30:00+00:00,ORLANDO MAGIC,96,LOS ANGELES CLIPPERS,106
2019-01-06 20:30:00+00:00,LOS ANGELES LAKERS,86,MINNESOTA TIMBERWOLVES,108
2019-01-07 00:00:00+00:00,WASHINGTON WIZARDS,116,OKLAHOMA CITY THUNDER,98
2019-01-07 01:00:00+00:00,CHARLOTTE HORNETS,119,PHOENIX SUNS,113
2019-01-07 00:30:00+00:00,INDIANA PACERS,105,TORONTO RAPTORS,121
2019-01-08 00:30:00+00:00,BROOKLYN NETS,95,BOSTON CELTICS,116
2019-01-08 01:30:00+00:00,LOS ANGELES LAKERS,107,DALLAS MAVERICKS,97
2019-01-08 00:00:00+00:00,SAN ANTONIO SPURS,119,DETROIT PISTONS,107
2019-01-08 01:00:00+00:00,DENVER NUGGETS,113,HOUSTON ROCKETS,125
2019-01-08 01:00:00+00:00,UTAH JAZZ,102,MILWAUKEE BUCKS,114
2019-01-08 01:00:00+00:00,MEMPHIS GRIZZLIES,95,NEW ORLEANS PELICANS,114
2019-01-08 03:00:00+00:00,NEW YORK KNICKS,101,PORTLAND TRAIL BLAZERS,111
2019-01-08 03:00:00+00:00,ORLANDO MAGIC,95,SACRAMENTO KINGS,111
2019-01-09 00:00:00+00:00,INDIANA PACERS,123,CLEVELAND CAVALIERS,115
2019-01-09 03:30:00+00:00,NEW YORK KNICKS,95,GOLDEN STATE WARRIORS,122
2019-01-09 03:30:00+00:00,CHARLOTTE HORNETS,109,LOS ANGELES CLIPPERS,128
2019-01-09 00:30:00+00:00,DENVER NUGGETS,103,MIAMI HEAT,99
2019-01-09 01:00:00+00:00,MINNESOTA TIMBERWOLVES,119,OKLAHOMA CITY THUNDER,117
2019-01-09 00:00:00+00:00,WASHINGTON WIZARDS,115,PHILADELPHIA 76ERS,132
2019-01-09 02:00:00+00:00,SACRAMENTO KINGS,111,PHOENIX SUNS,115
2019-01-09 00:30:00+00:00,ATLANTA HAWKS,101,TORONTO RAPTORS,104
2019-01-10 00:00:00+00:00,INDIANA PACERS,108,BOSTON CELTICS,135
2019-01-10 00:30:00+00:00,ATLANTA HAWKS,100,BROOKLYN NETS,116
2019-01-10 01:30:00+00:00,PHOENIX SUNS,94,DALLAS MAVERICKS,104
2019-01-10 01:00:00+00:00,MILWAUKEE BUCKS,116,HOUSTON ROCKETS,109
2019-01-10 03:30:00+00:00,DETROIT PISTONS,100,LOS ANGELES LAKERS,113
2019-01-10 01:00:00+00:00,SAN ANTONIO SPURS,86,MEMPHIS GRIZZLIES,96
2019-01-10 01:00:00+00:00,CLEVELAND CAVALIERS,124,NEW ORLEANS PELICANS,140
2019-01-10 03:00:00+00:00,CHICAGO BULLS,112,PORTLAND TRAIL BLAZERS,124
2019-01-10 02:00:00+00:00,ORLANDO MAGIC,93,UTAH JAZZ,106
2019-01-10 00:00:00+00:00,PHILADELPHIA 76ERS,106,WASHINGTON WIZARDS,123
2019-01-11 02:00:00+00:00,LOS ANGELES CLIPPERS,100,DENVER NUGGETS,121
2019-01-11 00:00:00+00:00,BOSTON CELTICS,99,MIAMI HEAT,115
2019-01-11 03:00:00+00:00,DETROIT PISTONS,102,SACRAMENTO KINGS,112
2019-01-11 02:30:00+00:00,OKLAHOMA CITY THUNDER,147,SAN ANTONIO SPURS,154
2019-01-12 03:30:00+00:00,CHICAGO BULLS,109,GOLDEN STATE WARRIORS,146
2019-01-12 01:00:00+00:00,CLEVELAND CAVALIERS,113,HOUSTON ROCKETS,141
2019-01-12 01:00:00+00:00,DALLAS MAVERICKS,119,MINNESOTA TIMBERWOLVES,115
2019-01-12 00:30:00+00:00,INDIANA PACERS,121,NEW YORK KNICKS,106
2019-01-12 00:00:00+00:00,ATLANTA HAWKS,123,PHILADELPHIA 76ERS,121
2019-01-12 03:00:00+00:00,CHARLOTTE HORNETS,96,PORTLAND TRAIL BLAZERS,127
2019-01-12 00:30:00+00:00,BROOKLYN NETS,105,TORONTO RAPTORS,122
2019-01-12 03:00:00+00:00,LOS ANGELES LAKERS,95,UTAH JAZZ,113
2019-01-12 00:00:00+00:00,MILWAUKEE BUCKS,106,WASHINGTON WIZARDS,113
2019-01-12 20:30:00+00:00,DETROIT PISTONS,,LOS ANGELES CLIPPERS,
2019-01-12 22:00:00+00:00,MEMPHIS GRIZZLIES,,MIAMI HEAT,
2019-01-13 01:00:00+00:00,NEW ORLEANS PELICANS,,MINNESOTA TIMBERWOLVES,
2019-01-13 01:00:00+00:00,SAN ANTONIO SPURS,,OKLAHOMA CITY THUNDER,
2019-01-13 00:00:00+00:00,BOSTON CELTICS,,ORLANDO MAGIC,
2019-01-13 02:00:00+00:00,DENVER NUGGETS,,PHOENIX SUNS,
2019-01-13 03:00:00+00:00,CHARLOTTE HORNETS,,SACRAMENTO KINGS,
2019-01-13 03:00:00+00:00,CHICAGO BULLS,,UTAH JAZZ,
2019-01-13 20:30:00+00:00,MILWAUKEE BUCKS,,ATLANTA HAWKS,
2019-01-14 00:00:00+00:00,GOLDEN STATE WARRIORS,,DALLAS MAVERICKS,
2019-01-14 01:00:00+00:00,PORTLAND TRAIL BLAZERS,,DENVER NUGGETS,
2019-01-14 02:30:00+00:00,CLEVELAND CAVALIERS,,LOS ANGELES LAKERS,
2019-01-13 18:00:00+00:00,PHILADELPHIA 76ERS,,NEW YORK KNICKS,
2019-01-13 23:00:00+00:00,HOUSTON ROCKETS,,ORLANDO MAGIC,
2019-01-13 18:00:00+00:00,TORONTO RAPTORS,,WASHINGTON WIZARDS,
2019-01-15 00:30:00+00:00,BOSTON CELTICS,,BROOKLYN NETS,
2019-01-15 01:00:00+00:00,MEMPHIS GRIZZLIES,,HOUSTON ROCKETS,
2019-01-15 03:30:00+00:00,NEW ORLEANS PELICANS,,LOS ANGELES CLIPPERS,
2019-01-15 03:00:00+00:00,PORTLAND TRAIL BLAZERS,,SACRAMENTO KINGS,
2019-01-15 01:30:00+00:00,CHARLOTTE HORNETS,,SAN ANTONIO SPURS,
2019-01-15 02:00:00+00:00,DETROIT PISTONS,,UTAH JAZZ,
2019-01-16 00:30:00+00:00,OKLAHOMA CITY THUNDER,,ATLANTA HAWKS,
2019-01-16 02:00:00+00:00,GOLDEN STATE WARRIORS,,DENVER NUGGETS,
2019-01-16 00:00:00+00:00,PHOENIX SUNS,,INDIANA PACERS,
2019-01-16 03:30:00+00:00,CHICAGO BULLS,,LOS ANGELES LAKERS,
2019-01-16 01:00:00+00:00,MIAMI HEAT,,MILWAUKEE BUCKS,
2019-01-16 00:00:00+00:00,MINNESOTA TIMBERWOLVES,,PHILADELPHIA 76ERS,
2019-01-17 01:00:00+00:00,TORONTO RAPTORS,,BOSTON CELTICS,
2019-01-17 01:30:00+00:00,SAN ANTONIO SPURS,,DALLAS MAVERICKS,
2019-01-17 00:00:00+00:00,ORLANDO MAGIC,,DETROIT PISTONS,
2019-01-17 03:30:00+00:00,NEW ORLEANS PELICANS,,GOLDEN STATE WARRIORS,
2019-01-17 01:00:00+00:00,BROOKLYN NETS,,HOUSTON ROCKETS,
2019-01-17 03:30:00+00:00,UTAH JAZZ,,LOS ANGELES CLIPPERS,
2019-01-17 01:00:00+00:00,MILWAUKEE BUCKS,,MEMPHIS GRIZZLIES,
2019-01-17 03:00:00+00:00,CLEVELAND CAVALIERS,,PORTLAND TRAIL BLAZERS,
2019-01-18 00:00:00+00:00,SACRAMENTO KINGS,,CHARLOTTE HORNETS,
2019-01-18 02:00:00+00:00,CHICAGO BULLS,,DENVER NUGGETS,
2019-01-18 00:00:00+00:00,PHILADELPHIA 76ERS,,INDIANA PACERS,
2019-01-18 02:30:00+00:00,LOS ANGELES LAKERS,,OKLAHOMA CITY THUNDER,
2019-01-18 00:30:00+00:00,PHOENIX SUNS,,TORONTO RAPTORS,
2019-01-17 20:00:00+00:00,NEW YORK KNICKS,,WASHINGTON WIZARDS,
2019-01-19 00:00:00+00:00,MEMPHIS GRIZZLIES,,BOSTON CELTICS,
2019-01-19 00:00:00+00:00,MIAMI HEAT,,DETROIT PISTONS,
2019-01-19 03:30:00+00:00,GOLDEN STATE WARRIORS,,LOS ANGELES CLIPPERS,
2019-01-19 01:00:00+00:00,SAN ANTONIO SPURS,,MINNESOTA TIMBERWOLVES,
2019-01-19 00:00:00+00:00,BROOKLYN NETS,,ORLANDO MAGIC,
2019-01-19 03:30:00+00:00,NEW ORLEANS PELICANS,,PORTLAND TRAIL BLAZERS,
2019-01-19 02:00:00+00:00,CLEVELAND CAVALIERS,,UTAH JAZZ,
2019-01-20 00:30:00+00:00,BOSTON CELTICS,,ATLANTA HAWKS,
2019-01-20 01:00:00+00:00,MIAMI HEAT,,CHICAGO BULLS,
2019-01-19 22:00:00+00:00,PHOENIX SUNS,,CHARLOTTE HORNETS,
2019-01-20 03:00:00+00:00,CLEVELAND CAVALIERS,,DENVER NUGGETS,
2019-01-20 00:00:00+00:00,SACRAMENTO KINGS,,DETROIT PISTONS,
2019-01-20 01:30:00+00:00,LOS ANGELES LAKERS,,HOUSTON ROCKETS,
2019-01-20 00:00:00+00:00,DALLAS MAVERICKS,,INDIANA PACERS,
2019-01-20 00:00:00+00:00,MILWAUKEE BUCKS,,ORLANDO MAGIC,
2019-01-19 20:30:00+00:00,OKLAHOMA CITY THUNDER,,PHILADELPHIA 76ERS,
2019-01-20 00:30:00+00:00,MEMPHIS GRIZZLIES,,TORONTO RAPTORS,
2019-01-20 23:00:00+00:00,CHARLOTTE HORNETS,,INDIANA PACERS,
2019-01-21 00:00:00+00:00,PHOENIX SUNS,,MINNESOTA TIMBERWOLVES,
2019-01-21 00:00:00+00:00,LOS ANGELES CLIPPERS,,SAN ANTONIO SPURS,
2019-01-21 20:00:00+00:00,ORLANDO MAGIC,,ATLANTA HAWKS,
2019-01-21 23:00:00+00:00,MIAMI HEAT,,BOSTON CELTICS,
2019-01-21 20:30:00+00:00,SACRAMENTO KINGS,,BROOKLYN NETS,
2019-01-21 18:00:00+00:00,CHICAGO BULLS,,CLEVELAND CAVALIERS,
2019-01-22 03:30:00+00:00,GOLDEN STATE WARRIORS,,LOS ANGELES LAKERS,
2019-01-21 22:30:00+00:00,NEW ORLEANS PELICANS,,MEMPHIS GRIZZLIES,
2019-01-21 19:00:00+00:00,DALLAS MAVERICKS,,MILWAUKEE BUCKS,
2019-01-21 17:30:00+00:00,OKLAHOMA CITY THUNDER,,NEW YORK KNICKS,
2019-01-22 01:00:00+00:00,HOUSTON ROCKETS,,PHILADELPHIA 76ERS,
2019-01-22 02:00:00+00:00,PORTLAND TRAIL BLAZERS,,UTAH JAZZ,
2019-01-21 19:00:00+00:00,DETROIT PISTONS,,WASHINGTON WIZARDS,
2019-01-23 01:30:00+00:00,LOS ANGELES CLIPPERS,,DALLAS MAVERICKS,
2019-01-23 01:00:00+00:00,PORTLAND TRAIL BLAZERS,,OKLAHOMA CITY THUNDER,
2019-01-23 02:00:00+00:00,MINNESOTA TIMBERWOLVES,,PHOENIX SUNS,
2019-01-23 00:00:00+00:00,SACRAMENTO KINGS,,TORONTO RAPTORS,
2019-01-24 00:30:00+00:00,CLEVELAND CAVALIERS,,BOSTON CELTICS,
2019-01-24 00:30:00+00:00,ORLANDO MAGIC,,BROOKLYN NETS,
2019-01-24 01:00:00+00:00,ATLANTA HAWKS,,CHICAGO BULLS,
2019-01-24 00:00:00+00:00,TORONTO RAPTORS,,INDIANA PACERS,
2019-01-24 01:00:00+00:00,CHARLOTTE HORNETS,,MEMPHIS GRIZZLIES,
2019-01-24 00:30:00+00:00,LOS ANGELES CLIPPERS,,MIAMI HEAT,
2019-01-24 01:00:00+00:00,DETROIT PISTONS,,NEW ORLEANS PELICANS,
2019-01-24 00:30:00+00:00,HOUSTON ROCKETS,,NEW YORK KNICKS,
2019-01-24 01:00:00+00:00,SAN ANTONIO SPURS,,PHILADELPHIA 76ERS,
2019-01-24 03:30:00+00:00,DENVER NUGGETS,,UTAH JAZZ,
2019-01-25 03:30:00+00:00,MINNESOTA TIMBERWOLVES,,LOS ANGELES LAKERS,
2019-01-25 01:00:00+00:00,NEW ORLEANS PELICANS,,OKLAHOMA CITY THUNDER,
2019-01-25 02:00:00+00:00,PORTLAND TRAIL BLAZERS,,PHOENIX SUNS,
2019-01-25 01:00:00+00:00,GOLDEN STATE WARRIORS,,WASHINGTON WIZARDS,
2019-01-26 00:30:00+00:00,NEW YORK KNICKS,,BROOKLYN NETS,
2019-01-26 01:00:00+00:00,LOS ANGELES CLIPPERS,,CHICAGO BULLS,
2019-01-26 00:30:00+00:00,MIAMI HEAT,,CLEVELAND CAVALIERS,
2019-01-26 01:30:00+00:00,DETROIT PISTONS,,DALLAS MAVERICKS,
2019-01-26 02:00:00+00:00,PHOENIX SUNS,,DENVER NUGGETS,
2019-01-26 01:00:00+00:00,TORONTO RAPTORS,,HOUSTON ROCKETS,
2019-01-26 01:00:00+00:00,SACRAMENTO KINGS,,MEMPHIS GRIZZLIES,
2019-01-26 01:30:00+00:00,CHARLOTTE HORNETS,,MILWAUKEE BUCKS,
2019-01-26 00:00:00+00:00,WASHINGTON WIZARDS,,ORLANDO MAGIC,
2019-01-26 02:00:00+00:00,MINNESOTA TIMBERWOLVES,,UTAH JAZZ,
2019-01-27 01:30:00+00:00,GOLDEN STATE WARRIORS,,BOSTON CELTICS,
2019-01-27 02:00:00+00:00,PHILADELPHIA 76ERS,,DENVER NUGGETS,
2019-01-27 01:00:00+00:00,INDIANA PACERS,,MEMPHIS GRIZZLIES,
2019-01-26 23:00:00+00:00,SAN ANTONIO SPURS,,NEW ORLEANS PELICANS,
2019-01-27 03:00:00+00:00,ATLANTA HAWKS,,PORTLAND TRAIL BLAZERS,
2019-01-27 20:30:00+00:00,CLEVELAND CAVALIERS,,CHICAGO BULLS,
2019-01-28 00:00:00+00:00,TORONTO RAPTORS,,DALLAS MAVERICKS,
2019-01-28 00:00:00+00:00,ORLANDO MAGIC,,HOUSTON ROCKETS,
2019-01-27 20:30:00+00:00,SACRAMENTO KINGS,,LOS ANGELES CLIPPERS,
2019-01-28 02:30:00+00:00,PHOENIX SUNS,,LOS ANGELES LAKERS,
2019-01-28 00:00:00+00:00,UTAH JAZZ,,MINNESOTA TIMBERWOLVES,
2019-01-28 00:30:00+00:00,MIAMI HEAT,,NEW YORK KNICKS,
2019-01-27 23:00:00+00:00,MILWAUKEE BUCKS,,OKLAHOMA CITY THUNDER,
2019-01-28 00:00:00+00:00,WASHINGTON WIZARDS,,SAN ANTONIO SPURS,
2019-01-29 00:30:00+00:00,BROOKLYN NETS,,BOSTON CELTICS,
2019-01-29 00:00:00+00:00,NEW YORK KNICKS,,CHARLOTTE HORNETS,
2019-01-29 00:00:00+00:00,GOLDEN STATE WARRIORS,,INDIANA PACERS,
2019-01-29 03:30:00+00:00,ATLANTA HAWKS,,LOS ANGELES CLIPPERS,
2019-01-29 01:00:00+00:00,DENVER NUGGETS,,MEMPHIS GRIZZLIES,
2019-01-30 00:30:00+00:00,CHICAGO BULLS,,BROOKLYN NETS,
2019-01-30 00:00:00+00:00,WASHINGTON WIZARDS,,CLEVELAND CAVALIERS,
2019-01-30 00:00:00+00:00,MILWAUKEE BUCKS,,DETROIT PISTONS,
2019-01-30 01:00:00+00:00,NEW ORLEANS PELICANS,,HOUSTON ROCKETS,
2019-01-30 03:30:00+00:00,PHILADELPHIA 76ERS,,LOS ANGELES LAKERS,
2019-01-30 00:00:00+00:00,OKLAHOMA CITY THUNDER,,ORLANDO MAGIC,
2019-01-30 01:30:00+00:00,PHOENIX SUNS,,SAN ANTONIO SPURS,
2019-01-31 00:30:00+00:00,CHARLOTTE HORNETS,,BOSTON CELTICS,
2019-01-31 00:30:00+00:00,CHICAGO BULLS,,MIAMI HEAT,
2019-01-31 01:00:00+00:00,MEMPHIS GRIZZLIES,,MINNESOTA TIMBERWOLVES,
2019-01-31 01:00:00+00:00,DENVER NUGGETS,,NEW ORLEANS PELICANS,
2019-01-31 00:30:00+00:00,DALLAS MAVERICKS,,NEW YORK KNICKS,
2019-01-31 03:30:00+00:00,UTAH JAZZ,,PORTLAND TRAIL BLAZERS,
2019-01-31 03:00:00+00:00,ATLANTA HAWKS,,SACRAMENTO KINGS,
2019-01-31 01:00:00+00:00,INDIANA PACERS,,WASHINGTON WIZARDS,
2019-02-01 00:00:00+00:00,DALLAS MAVERICKS,,DETROIT PISTONS,
2019-02-01 03:30:00+00:00,PHILADELPHIA 76ERS,,GOLDEN STATE WARRIORS,
2019-02-01 03:30:00+00:00,LOS ANGELES LAKERS,,LOS ANGELES CLIPPERS,
2019-02-01 00:00:00+00:00,INDIANA PACERS,,ORLANDO MAGIC,
2019-02-01 01:30:00+00:00,BROOKLYN NETS,,SAN ANTONIO SPURS,
2019-02-01 01:00:00+00:00,MILWAUKEE BUCKS,,TORONTO RAPTORS,
2019-02-02 00:00:00+00:00,MEMPHIS GRIZZLIES,,CHARLOTTE HORNETS,
2019-02-02 03:00:00+00:00,HOUSTON ROCKETS,,DENVER NUGGETS,
2019-02-02 01:00:00+00:00,OKLAHOMA CITY THUNDER,,MIAMI HEAT,
2019-02-02 00:30:00+00:00,BOSTON CELTICS,,NEW YORK KNICKS,
2019-02-02 02:00:00+00:00,ATLANTA HAWKS,,UTAH JAZZ,
2019-02-03 00:00:00+00:00,CHICAGO BULLS,,CHARLOTTE HORNETS,
2019-02-03 00:30:00+00:00,DALLAS MAVERICKS,,CLEVELAND CAVALIERS,
2019-02-02 22:00:00+00:00,LOS ANGELES CLIPPERS,,DETROIT PISTONS,
2019-02-03 01:30:00+00:00,LOS ANGELES LAKERS,,GOLDEN STATE WARRIORS,
2019-02-03 00:30:00+00:00,INDIANA PACERS,,MIAMI HEAT,
2019-02-03 02:00:00+00:00,DENVER NUGGETS,,MINNESOTA TIMBERWOLVES,
2019-02-03 00:00:00+00:00,BROOKLYN NETS,,ORLANDO MAGIC,
2019-02-03 02:00:00+00:00,ATLANTA HAWKS,,PHOENIX SUNS,
2019-02-03 03:00:00+00:00,PHILADELPHIA 76ERS,,SACRAMENTO KINGS,
2019-02-03 01:30:00+00:00,NEW ORLEANS PELICANS,,SAN ANTONIO SPURS,
2019-02-03 02:00:00+00:00,HOUSTON ROCKETS,,UTAH JAZZ,
2019-02-03 00:00:00+00:00,MILWAUKEE BUCKS,,WASHINGTON WIZARDS,
2019-02-03 19:00:00+00:00,OKLAHOMA CITY THUNDER,,BOSTON CELTICS,
2019-02-03 18:00:00+00:00,MEMPHIS GRIZZLIES,,NEW YORK KNICKS,
2019-02-03 20:00:00+00:00,LOS ANGELES CLIPPERS,,TORONTO RAPTORS,
2019-02-05 00:30:00+00:00,MILWAUKEE BUCKS,,BROOKLYN NETS,
2019-02-05 00:00:00+00:00,DENVER NUGGETS,,DETROIT PISTONS,
2019-02-05 01:00:00+00:00,INDIANA PACERS,,NEW ORLEANS PELICANS,
2019-02-05 02:00:00+00:00,HOUSTON ROCKETS,,PHOENIX SUNS,
2019-02-05 03:00:00+00:00,SAN ANTONIO SPURS,,SACRAMENTO KINGS,
2019-02-05 00:00:00+00:00,ATLANTA HAWKS,,WASHINGTON WIZARDS,
2019-02-06 00:00:00+00:00,LOS ANGELES CLIPPERS,,CHARLOTTE HORNETS,
2019-02-06 00:00:00+00:00,BOSTON CELTICS,,CLEVELAND CAVALIERS,
2019-02-06 00:00:00+00:00,LOS ANGELES LAKERS,,INDIANA PACERS,
2019-02-06 01:00:00+00:00,MINNESOTA TIMBERWOLVES,,MEMPHIS GRIZZLIES,
2019-02-06 00:30:00+00:00,DETROIT PISTONS,,NEW YORK KNICKS,
2019-02-06 01:00:00+00:00,ORLANDO MAGIC,,OKLAHOMA CITY THUNDER,
2019-02-06 01:00:00+00:00,TORONTO RAPTORS,,PHILADELPHIA 76ERS,
2019-02-06 03:30:00+00:00,MIAMI HEAT,,PORTLAND TRAIL BLAZERS,
2019-02-07 00:30:00+00:00,DENVER NUGGETS,,BROOKLYN NETS,
2019-02-07 01:00:00+00:00,NEW ORLEANS PELICANS,,CHICAGO BULLS,
2019-02-07 01:30:00+00:00,CHARLOTTE HORNETS,,DALLAS MAVERICKS,
2019-02-07 03:30:00+00:00,SAN ANTONIO SPURS,,GOLDEN STATE WARRIORS,
2019-02-07 01:00:00+00:00,WASHINGTON WIZARDS,,MILWAUKEE BUCKS,
2019-02-07 03:00:00+00:00,HOUSTON ROCKETS,,SACRAMENTO KINGS,
2019-02-07 02:00:00+00:00,PHOENIX SUNS,,UTAH JAZZ,
2019-02-08 00:30:00+00:00,TORONTO RAPTORS,,ATLANTA HAWKS,
2019-02-08 01:00:00+00:00,LOS ANGELES LAKERS,,BOSTON CELTICS,
2019-02-08 00:00:00+00:00,LOS ANGELES CLIPPERS,,INDIANA PACERS,
2019-02-08 01:00:00+00:00,MEMPHIS GRIZZLIES,,OKLAHOMA CITY THUNDER,
2019-02-08 00:00:00+00:00,MINNESOTA TIMBERWOLVES,,ORLANDO MAGIC,
2019-02-08 03:30:00+00:00,SAN ANTONIO SPURS,,PORTLAND TRAIL BLAZERS,
2019-02-09 00:30:00+00:00,CHICAGO BULLS,,BROOKLYN NETS,
2019-02-09 01:30:00+00:00,MILWAUKEE BUCKS,,DALLAS MAVERICKS,
2019-02-09 00:00:00+00:00,NEW YORK KNICKS,,DETROIT PISTONS,
2019-02-09 02:30:00+00:00,MINNESOTA TIMBERWOLVES,,NEW ORLEANS PELICANS,
2019-02-09 00:00:00+00:00,DENVER NUGGETS,,PHILADELPHIA 76ERS,
2019-02-09 02:00:00+00:00,GOLDEN STATE WARRIORS,,PHOENIX SUNS,
2019-02-09 03:00:00+00:00,MIAMI HEAT,,SACRAMENTO KINGS,
2019-02-09 00:00:00+00:00,CLEVELAND CAVALIERS,,WASHINGTON WIZARDS,
2019-02-10 00:30:00+00:00,CHARLOTTE HORNETS,,ATLANTA HAWKS,
2019-02-10 01:00:00+00:00,LOS ANGELES CLIPPERS,,BOSTON CELTICS,
2019-02-10 01:00:00+00:00,WASHINGTON WIZARDS,,CHICAGO BULLS,
2019-02-10 01:30:00+00:00,OKLAHOMA CITY THUNDER,,HOUSTON ROCKETS,
2019-02-10 00:00:00+00:00,CLEVELAND CAVALIERS,,INDIANA PACERS,
2019-02-10 01:00:00+00:00,NEW ORLEANS PELICANS,,MEMPHIS GRIZZLIES,
2019-02-10 02:00:00+00:00,ORLANDO MAGIC,,MILWAUKEE BUCKS,
2019-02-10 00:30:00+00:00,TORONTO RAPTORS,,NEW YORK KNICKS,
2019-02-09 22:00:00+00:00,SAN ANTONIO SPURS,,UTAH JAZZ,
2019-02-11 00:30:00+00:00,ORLANDO MAGIC,,ATLANTA HAWKS,
2019-02-10 20:00:00+00:00,PORTLAND TRAIL BLAZERS,,DALLAS MAVERICKS,
2019-02-11 01:30:00+00:00,MIAMI HEAT,,GOLDEN STATE WARRIORS,
2019-02-10 20:30:00+00:00,LOS ANGELES LAKERS,,PHILADELPHIA 76ERS,
2019-02-10 23:00:00+00:00,PHOENIX SUNS,,SACRAMENTO KINGS,
2019-02-12 01:00:00+00:00,MILWAUKEE BUCKS,,CHICAGO BULLS,
2019-02-12 00:00:00+00:00,NEW YORK KNICKS,,CLEVELAND CAVALIERS,
2019-02-12 02:00:00+00:00,MIAMI HEAT,,DENVER NUGGETS,
2019-02-12 00:00:00+00:00,WASHINGTON WIZARDS,,DETROIT PISTONS,
2019-02-12 01:00:00+00:00,DALLAS MAVERICKS,,HOUSTON ROCKETS,
2019-02-12 00:00:00+00:00,CHARLOTTE HORNETS,,INDIANA PACERS,
2019-02-12 01:00:00+00:00,LOS ANGELES CLIPPERS,,MINNESOTA TIMBERWOLVES,
2019-02-12 01:00:00+00:00,PORTLAND TRAIL BLAZERS,,OKLAHOMA CITY THUNDER,
2019-02-12 00:30:00+00:00,BROOKLYN NETS,,TORONTO RAPTORS,
2019-02-13 00:30:00+00:00,LOS ANGELES LAKERS,,ATLANTA HAWKS,
2019-02-13 03:30:00+00:00,UTAH JAZZ,,GOLDEN STATE WARRIORS,
2019-02-13 01:00:00+00:00,SAN ANTONIO SPURS,,MEMPHIS GRIZZLIES,
2019-02-13 01:00:00+00:00,ORLANDO MAGIC,,NEW ORLEANS PELICANS,
2019-02-13 01:00:00+00:00,BOSTON CELTICS,,PHILADELPHIA 76ERS,
2019-02-14 00:30:00+00:00,DETROIT PISTONS,,BOSTON CELTICS,
2019-02-14 01:00:00+00:00,MEMPHIS GRIZZLIES,,CHICAGO BULLS,
2019-02-14 00:00:00+00:00,BROOKLYN NETS,,CLEVELAND CAVALIERS,
2019-02-14 01:30:00+00:00,MIAMI HEAT,,DALLAS MAVERICKS,
2019-02-14 02:00:00+00:00,SACRAMENTO KINGS,,DENVER NUGGETS,
2019-02-14 00:00:00+00:00,MILWAUKEE BUCKS,,INDIANA PACERS,
2019-02-14 03:30:00+00:00,PHOENIX SUNS,,LOS ANGELES CLIPPERS,
2019-02-14 02:30:00+00:00,HOUSTON ROCKETS,,MINNESOTA TIMBERWOLVES,
2019-02-14 00:30:00+00:00,PHILADELPHIA 76ERS,,NEW YORK KNICKS,
2019-02-14 03:00:00+00:00,GOLDEN STATE WARRIORS,,PORTLAND TRAIL BLAZERS,
2019-02-14 00:30:00+00:00,WASHINGTON WIZARDS,,TORONTO RAPTORS,
2019-02-15 00:30:00+00:00,NEW YORK KNICKS,,ATLANTA HAWKS,
2019-02-15 01:00:00+00:00,OKLAHOMA CITY THUNDER,,NEW ORLEANS PELICANS,
2019-02-15 00:00:00+00:00,CHARLOTTE HORNETS,,ORLANDO MAGIC,
2019-02-22 00:30:00+00:00,PORTLAND TRAIL BLAZERS,,BROOKLYN NETS,
2019-02-22 00:00:00+00:00,PHOENIX SUNS,,CLEVELAND CAVALIERS,
2019-02-22 03:30:00+00:00,SACRAMENTO KINGS,,GOLDEN STATE WARRIORS,
2019-02-22 03:30:00+00:00,HOUSTON ROCKETS,,LOS ANGELES LAKERS,
2019-02-22 01:00:00+00:00,BOSTON CELTICS,,MILWAUKEE BUCKS,
2019-02-22 00:00:00+00:00,MIAMI HEAT,,PHILADELPHIA 76ERS,
2019-02-23 00:30:00+00:00,DETROIT PISTONS,,ATLANTA HAWKS,
2019-02-23 00:00:00+00:00,WASHINGTON WIZARDS,,CHARLOTTE HORNETS,
2019-02-23 01:30:00+00:00,DENVER NUGGETS,,DALLAS MAVERICKS,
2019-02-23 00:00:00+00:00,NEW ORLEANS PELICANS,,INDIANA PACERS,
2019-02-23 01:00:00+00:00,LOS ANGELES CLIPPERS,,MEMPHIS GRIZZLIES,
2019-02-23 00:30:00+00:00,MINNESOTA TIMBERWOLVES,,NEW YORK KNICKS,
2019-02-23 02:30:00+00:00,UTAH JAZZ,,OKLAHOMA CITY THUNDER,
2019-02-23 00:00:00+00:00,CHICAGO BULLS,,ORLANDO MAGIC,
2019-02-23 00:00:00+00:00,SAN ANTONIO SPURS,,TORONTO RAPTORS,
2019-02-24 00:00:00+00:00,PHOENIX SUNS,,ATLANTA HAWKS,
2019-02-24 01:00:00+00:00,BOSTON CELTICS,,CHICAGO BULLS,
2019-02-24 00:00:00+00:00,BROOKLYN NETS,,CHARLOTTE HORNETS,
2019-02-24 00:00:00+00:00,MEMPHIS GRIZZLIES,,CLEVELAND CAVALIERS,
2019-02-24 01:30:00+00:00,HOUSTON ROCKETS,,GOLDEN STATE WARRIORS,
2019-02-24 00:30:00+00:00,DETROIT PISTONS,,MIAMI HEAT,
2019-02-24 01:30:00+00:00,MINNESOTA TIMBERWOLVES,,MILWAUKEE BUCKS,
2019-02-24 00:00:00+00:00,LOS ANGELES LAKERS,,NEW ORLEANS PELICANS,
2019-02-24 01:00:00+00:00,SACRAMENTO KINGS,,OKLAHOMA CITY THUNDER,
2019-02-23 18:00:00+00:00,PORTLAND TRAIL BLAZERS,,PHILADELPHIA 76ERS,
2019-02-24 03:00:00+00:00,DALLAS MAVERICKS,,UTAH JAZZ,
2019-02-24 00:00:00+00:00,INDIANA PACERS,,WASHINGTON WIZARDS,
2019-02-24 22:00:00+00:00,LOS ANGELES CLIPPERS,,DENVER NUGGETS,
2019-02-25 00:30:00+00:00,SAN ANTONIO SPURS,,NEW YORK KNICKS,
2019-02-24 20:30:00+00:00,ORLANDO MAGIC,,TORONTO RAPTORS,
2019-02-26 00:30:00+00:00,SAN ANTONIO SPURS,,BROOKLYN NETS,
2019-02-26 01:00:00+00:00,MILWAUKEE BUCKS,,CHICAGO BULLS,
2019-02-26 00:00:00+00:00,GOLDEN STATE WARRIORS,,CHARLOTTE HORNETS,
2019-02-26 00:00:00+00:00,PORTLAND TRAIL BLAZERS,,CLEVELAND CAVALIERS,
2019-02-26 00:00:00+00:00,INDIANA PACERS,,DETROIT PISTONS,
2019-02-26 01:00:00+00:00,ATLANTA HAWKS,,HOUSTON ROCKETS,
2019-02-26 03:30:00+00:00,DALLAS MAVERICKS,,LOS ANGELES CLIPPERS,
2019-02-26 01:00:00+00:00,LOS ANGELES LAKERS,,MEMPHIS GRIZZLIES,
2019-02-26 00:30:00+00:00,PHOENIX SUNS,,MIAMI HEAT,
2019-02-26 01:00:00+00:00,SACRAMENTO KINGS,,MINNESOTA TIMBERWOLVES,
2019-02-26 01:00:00+00:00,PHILADELPHIA 76ERS,,NEW ORLEANS PELICANS,
2019-02-27 03:30:00+00:00,OKLAHOMA CITY THUNDER,,DENVER NUGGETS,
2019-02-27 00:30:00+00:00,ORLANDO MAGIC,,NEW YORK KNICKS,
2019-02-27 01:00:00+00:00,BOSTON CELTICS,,TORONTO RAPTORS,
2019-02-28 00:30:00+00:00,MINNESOTA TIMBERWOLVES,,ATLANTA HAWKS,
2019-02-28 00:30:00+00:00,PORTLAND TRAIL BLAZERS,,BOSTON CELTICS,
2019-02-28 00:30:00+00:00,WASHINGTON WIZARDS,,BROOKLYN NETS,
2019-02-28 00:00:00+00:00,HOUSTON ROCKETS,,CHARLOTTE HORNETS,
2019-02-28 01:30:00+00:00,INDIANA PACERS,,DALLAS MAVERICKS,
2019-02-28 03:30:00+00:00,NEW ORLEANS PELICANS,,LOS ANGELES LAKERS,
2019-02-28 01:00:00+00:00,CHICAGO BULLS,,MEMPHIS GRIZZLIES,
2019-02-28 00:30:00+00:00,GOLDEN STATE WARRIORS,,MIAMI HEAT,
2019-02-28 03:00:00+00:00,MILWAUKEE BUCKS,,SACRAMENTO KINGS,
2019-02-28 01:00:00+00:00,DETROIT PISTONS,,SAN ANTONIO SPURS,
2019-02-28 02:00:00+00:00,LOS ANGELES CLIPPERS,,UTAH JAZZ,
2019-03-01 02:00:00+00:00,UTAH JAZZ,,DENVER NUGGETS,
2019-03-01 01:00:00+00:00,MIAMI HEAT,,HOUSTON ROCKETS,
2019-03-01 00:00:00+00:00,MINNESOTA TIMBERWOLVES,,INDIANA PACERS,
2019-03-01 00:30:00+00:00,CLEVELAND CAVALIERS,,NEW YORK KNICKS,
2019-03-01 02:30:00+00:00,PHILADELPHIA 76ERS,,OKLAHOMA CITY THUNDER,
2019-03-01 00:00:00+00:00,GOLDEN STATE WARRIORS,,ORLANDO MAGIC,
2019-03-02 00:30:00+00:00,CHICAGO BULLS,,ATLANTA HAWKS,
2019-03-02 01:00:00+00:00,WASHINGTON WIZARDS,,BOSTON CELTICS,
2019-03-02 00:30:00+00:00,CHARLOTTE HORNETS,,BROOKLYN NETS,
2019-03-02 03:30:00+00:00,MILWAUKEE BUCKS,,LOS ANGELES LAKERS,
2019-03-02 02:00:00+00:00,NEW ORLEANS PELICANS,,PHOENIX SUNS,
2019-03-02 03:00:00+00:00,LOS ANGELES CLIPPERS,,SACRAMENTO KINGS,
2019-03-02 00:30:00+00:00,PORTLAND TRAIL BLAZERS,,TORONTO RAPTORS,
2019-03-02 22:00:00+00:00,DETROIT PISTONS,,CLEVELAND CAVALIERS,
2019-03-03 01:30:00+00:00,MEMPHIS GRIZZLIES,,DALLAS MAVERICKS,
2019-03-03 02:00:00+00:00,NEW ORLEANS PELICANS,,DENVER NUGGETS,
2019-03-03 00:00:00+00:00,ORLANDO MAGIC,,INDIANA PACERS,
2019-03-03 00:30:00+00:00,BROOKLYN NETS,,MIAMI HEAT,
2019-03-03 01:30:00+00:00,GOLDEN STATE WARRIORS,,PHILADELPHIA 76ERS,
2019-03-03 02:00:00+00:00,LOS ANGELES LAKERS,,PHOENIX SUNS,
2019-03-03 01:30:00+00:00,OKLAHOMA CITY THUNDER,,SAN ANTONIO SPURS,
2019-03-03 02:00:00+00:00,MILWAUKEE BUCKS,,UTAH JAZZ,
2019-03-03 20:30:00+00:00,HOUSTON ROCKETS,,BOSTON CELTICS,
2019-03-03 20:30:00+00:00,ATLANTA HAWKS,,CHICAGO BULLS,
2019-03-03 18:00:00+00:00,PORTLAND TRAIL BLAZERS,,CHARLOTTE HORNETS,
2019-03-03 23:00:00+00:00,ORLANDO MAGIC,,CLEVELAND CAVALIERS,
2019-03-03 23:00:00+00:00,TORONTO RAPTORS,,DETROIT PISTONS,
2019-03-03 20:30:00+00:00,NEW YORK KNICKS,,LOS ANGELES CLIPPERS,
2019-03-04 00:00:00+00:00,MEMPHIS GRIZZLIES,,OKLAHOMA CITY THUNDER,
2019-03-03 23:00:00+00:00,MINNESOTA TIMBERWOLVES,,WASHINGTON WIZARDS,
2019-03-05 00:30:00+00:00,DALLAS MAVERICKS,,BROOKLYN NETS,
2019-03-05 03:30:00+00:00,LOS ANGELES CLIPPERS,,LOS ANGELES LAKERS,
2019-03-05 00:30:00+00:00,ATLANTA HAWKS,,MIAMI HEAT,
2019-03-05 02:00:00+00:00,MILWAUKEE BUCKS,,PHOENIX SUNS,
2019-03-05 03:00:00+00:00,NEW YORK KNICKS,,SACRAMENTO KINGS,
2019-03-05 01:30:00+00:00,DENVER NUGGETS,,SAN ANTONIO SPURS,
2019-03-05 02:00:00+00:00,NEW ORLEANS PELICANS,,UTAH JAZZ,
2019-03-06 03:30:00+00:00,BOSTON CELTICS,,GOLDEN STATE WARRIORS,
2019-03-06 00:00:00+00:00,CHICAGO BULLS,,INDIANA PACERS,
2019-03-06 01:00:00+00:00,PORTLAND TRAIL BLAZERS,,MEMPHIS GRIZZLIES,
2019-03-06 01:00:00+00:00,OKLAHOMA CITY THUNDER,,MINNESOTA TIMBERWOLVES,
2019-03-06 00:00:00+00:00,ORLANDO MAGIC,,PHILADELPHIA 76ERS,
2019-03-06 01:00:00+00:00,HOUSTON ROCKETS,,TORONTO RAPTORS,
2019-03-07 00:30:00+00:00,SAN ANTONIO SPURS,,ATLANTA HAWKS,
2019-03-07 00:30:00+00:00,CLEVELAND CAVALIERS,,BROOKLYN NETS,
2019-03-07 01:00:00+00:00,PHILADELPHIA 76ERS,,CHICAGO BULLS,
2019-03-07 00:00:00+00:00,MIAMI HEAT,,CHARLOTTE HORNETS,
2019-03-07 00:00:00+00:00,MINNESOTA TIMBERWOLVES,,DETROIT PISTONS,
2019-03-07 03:30:00+00:00,DENVER NUGGETS,,LOS ANGELES LAKERS,
2019-03-07 01:00:00+00:00,UTAH JAZZ,,NEW ORLEANS PELICANS,
2019-03-07 02:00:00+00:00,NEW YORK KNICKS,,PHOENIX SUNS,
2019-03-07 03:00:00+00:00,BOSTON CELTICS,,SACRAMENTO KINGS,
2019-03-07 00:00:00+00:00,DALLAS MAVERICKS,,WASHINGTON WIZARDS,
2019-03-08 01:00:00+00:00,INDIANA PACERS,,MILWAUKEE BUCKS,
2019-03-08 03:30:00+00:00,OKLAHOMA CITY THUNDER,,PORTLAND TRAIL BLAZERS,
2019-03-09 01:00:00+00:00,DETROIT PISTONS,,CHICAGO BULLS,
2019-03-09 00:00:00+00:00,WASHINGTON WIZARDS,,CHARLOTTE HORNETS,
2019-03-09 03:30:00+00:00,DENVER NUGGETS,,GOLDEN STATE WARRIORS,
2019-03-09 01:00:00+00:00,PHILADELPHIA 76ERS,,HOUSTON ROCKETS,
2019-03-09 03:30:00+00:00,OKLAHOMA CITY THUNDER,,LOS ANGELES CLIPPERS,
2019-03-09 01:00:00+00:00,UTAH JAZZ,,MEMPHIS GRIZZLIES,
2019-03-09 01:00:00+00:00,CLEVELAND CAVALIERS,,MIAMI HEAT,
2019-03-09 01:00:00+00:00,TORONTO RAPTORS,,NEW ORLEANS PELICANS,
2019-03-09 00:00:00+00:00,DALLAS MAVERICKS,,ORLANDO MAGIC,
2019-03-10 00:00:00+00:00,BROOKLYN NETS,,ATLANTA HAWKS,
2019-03-10 01:30:00+00:00,BOSTON CELTICS,,LOS ANGELES LAKERS,
2019-03-10 03:00:00+00:00,CHARLOTTE HORNETS,,MILWAUKEE BUCKS,
2019-03-10 01:00:00+00:00,WASHINGTON WIZARDS,,MINNESOTA TIMBERWOLVES,
2019-03-09 17:00:00+00:00,SACRAMENTO KINGS,,NEW YORK KNICKS,
2019-03-10 03:00:00+00:00,PHOENIX SUNS,,PORTLAND TRAIL BLAZERS,
2019-03-10 22:00:00+00:00,NEW ORLEANS PELICANS,,ATLANTA HAWKS,
2019-03-10 23:00:00+00:00,HOUSTON ROCKETS,,DALLAS MAVERICKS,
2019-03-10 16:00:00+00:00,CHICAGO BULLS,,DETROIT PISTONS,
2019-03-11 00:30:00+00:00,PHOENIX SUNS,,GOLDEN STATE WARRIORS,
2019-03-10 22:00:00+00:00,ORLANDO MAGIC,,MEMPHIS GRIZZLIES,
2019-03-10 19:30:00+00:00,TORONTO RAPTORS,,MIAMI HEAT,
2019-03-11 00:00:00+00:00,NEW YORK KNICKS,,MINNESOTA TIMBERWOLVES,
2019-03-10 19:30:00+00:00,INDIANA PACERS,,PHILADELPHIA 76ERS,
2019-03-11 00:00:00+00:00,MILWAUKEE BUCKS,,SAN ANTONIO SPURS,
2019-03-11 23:30:00+00:00,DETROIT PISTONS,,BROOKLYN NETS,
2019-03-11 23:00:00+00:00,TORONTO RAPTORS,,CLEVELAND CAVALIERS,
2019-03-12 00:00:00+00:00,CHARLOTTE HORNETS,,HOUSTON ROCKETS,
2019-03-12 02:30:00+00:00,BOSTON CELTICS,,LOS ANGELES CLIPPERS,
2019-03-12 01:00:00+00:00,OKLAHOMA CITY THUNDER,,UTAH JAZZ,
2019-03-11 23:00:00+00:00,SACRAMENTO KINGS,,WASHINGTON WIZARDS,
2019-03-13 00:00:00+00:00,LOS ANGELES LAKERS,,CHICAGO BULLS,
2019-03-13 00:30:00+00:00,SAN ANTONIO SPURS,,DALLAS MAVERICKS,
2019-03-13 02:30:00+00:00,MINNESOTA TIMBERWOLVES,,DENVER NUGGETS,
2019-03-12 23:00:00+00:00,NEW YORK KNICKS,,INDIANA PACERS,
2019-03-13 02:30:00+00:00,PORTLAND TRAIL BLAZERS,,LOS ANGELES CLIPPERS,
2019-03-13 00:00:00+00:00,MILWAUKEE BUCKS,,NEW ORLEANS PELICANS,
2019-03-12 23:00:00+00:00,CLEVELAND CAVALIERS,,PHILADELPHIA 76ERS,
2019-03-13 23:30:00+00:00,MEMPHIS GRIZZLIES,,ATLANTA HAWKS,
2019-03-14 01:30:00+00:00,GOLDEN STATE WARRIORS,,HOUSTON ROCKETS,
2019-03-13 23:00:00+00:00,DETROIT PISTONS,,MIAMI HEAT,
2019-03-14 00:00:00+00:00,BROOKLYN NETS,,OKLAHOMA CITY THUNDER,
2019-03-14 02:00:00+00:00,UTAH JAZZ,,PHOENIX SUNS,
2019-03-13 23:00:00+00:00,ORLANDO MAGIC,,WASHINGTON WIZARDS,
2019-03-14 23:30:00+00:00,SACRAMENTO KINGS,,BOSTON CELTICS,
2019-03-15 02:30:00+00:00,DALLAS MAVERICKS,,DENVER NUGGETS,
2019-03-14 23:00:00+00:00,OKLAHOMA CITY THUNDER,,INDIANA PACERS,
2019-03-14 23:00:00+00:00,CLEVELAND CAVALIERS,,ORLANDO MAGIC,
2019-03-15 00:00:00+00:00,LOS ANGELES LAKERS,,TORONTO RAPTORS,
2019-03-15 01:00:00+00:00,MINNESOTA TIMBERWOLVES,,UTAH JAZZ,
2019-03-15 23:00:00+00:00,LOS ANGELES LAKERS,,DETROIT PISTONS,
2019-03-16 00:00:00+00:00,PHOENIX SUNS,,HOUSTON ROCKETS,
2019-03-16 02:30:00+00:00,CHICAGO BULLS,,LOS ANGELES CLIPPERS,
2019-03-16 00:00:00+00:00,MILWAUKEE BUCKS,,MIAMI HEAT,
2019-03-16 00:00:00+00:00,PORTLAND TRAIL BLAZERS,,NEW ORLEANS PELICANS,
2019-03-15 23:00:00+00:00,SACRAMENTO KINGS,,PHILADELPHIA 76ERS,
2019-03-16 00:30:00+00:00,NEW YORK KNICKS,,SAN ANTONIO SPURS,
2019-03-15 23:00:00+00:00,CHARLOTTE HORNETS,,WASHINGTON WIZARDS,
2019-03-16 16:30:00+00:00,ATLANTA HAWKS,,BOSTON CELTICS,
2019-03-17 00:30:00+00:00,CLEVELAND CAVALIERS,,DALLAS MAVERICKS,
2019-03-17 01:00:00+00:00,INDIANA PACERS,,DENVER NUGGETS,
2019-03-16 23:00:00+00:00,PHOENIX SUNS,,NEW ORLEANS PELICANS,
2019-03-17 00:30:00+00:00,GOLDEN STATE WARRIORS,,OKLAHOMA CITY THUNDER,
2019-03-17 00:30:00+00:00,PORTLAND TRAIL BLAZERS,,SAN ANTONIO SPURS,
2019-03-17 01:00:00+00:00,BROOKLYN NETS,,UTAH JAZZ,
2019-03-16 23:00:00+00:00,MEMPHIS GRIZZLIES,,WASHINGTON WIZARDS,
2019-03-17 20:00:00+00:00,TORONTO RAPTORS,,DETROIT PISTONS,
2019-03-18 01:00:00+00:00,MINNESOTA TIMBERWOLVES,,HOUSTON ROCKETS,
2019-03-18 01:00:00+00:00,BROOKLYN NETS,,LOS ANGELES CLIPPERS,
2019-03-17 17:00:00+00:00,CHARLOTTE HORNETS,,MIAMI HEAT,
2019-03-17 19:30:00+00:00,PHILADELPHIA 76ERS,,MILWAUKEE BUCKS,
2019-03-17 16:00:00+00:00,LOS ANGELES LAKERS,,NEW YORK KNICKS,
2019-03-17 22:00:00+00:00,ATLANTA HAWKS,,ORLANDO MAGIC,
2019-03-17 22:00:00+00:00,CHICAGO BULLS,,SACRAMENTO KINGS,
2019-03-18 23:30:00+00:00,DENVER NUGGETS,,BOSTON CELTICS,
2019-03-18 23:00:00+00:00,DETROIT PISTONS,,CLEVELAND CAVALIERS,
2019-03-19 00:30:00+00:00,NEW ORLEANS PELICANS,,DALLAS MAVERICKS,
2019-03-19 00:00:00+00:00,MIAMI HEAT,,OKLAHOMA CITY THUNDER,
2019-03-19 02:00:00+00:00,CHICAGO BULLS,,PHOENIX SUNS,
2019-03-19 02:30:00+00:00,INDIANA PACERS,,PORTLAND TRAIL BLAZERS,
2019-03-19 00:00:00+00:00,GOLDEN STATE WARRIORS,,SAN ANTONIO SPURS,
2019-03-18 23:30:00+00:00,NEW YORK KNICKS,,TORONTO RAPTORS,
2019-03-18 23:00:00+00:00,UTAH JAZZ,,WASHINGTON WIZARDS,
2019-03-19 23:30:00+00:00,HOUSTON ROCKETS,,ATLANTA HAWKS,
2019-03-19 23:00:00+00:00,PHILADELPHIA 76ERS,,CHARLOTTE HORNETS,
2019-03-20 02:30:00+00:00,INDIANA PACERS,,LOS ANGELES CLIPPERS,
2019-03-20 00:00:00+00:00,LOS ANGELES LAKERS,,MILWAUKEE BUCKS,
2019-03-20 00:00:00+00:00,GOLDEN STATE WARRIORS,,MINNESOTA TIMBERWOLVES,
2019-03-20 02:00:00+00:00,BROOKLYN NETS,,SACRAMENTO KINGS,
2019-03-21 00:00:00+00:00,WASHINGTON WIZARDS,,CHICAGO BULLS,
2019-03-20 23:00:00+00:00,MILWAUKEE BUCKS,,CLEVELAND CAVALIERS,
2019-03-21 00:00:00+00:00,HOUSTON ROCKETS,,MEMPHIS GRIZZLIES,
2019-03-20 23:30:00+00:00,UTAH JAZZ,,NEW YORK KNICKS,
2019-03-21 01:30:00+00:00,TORONTO RAPTORS,,OKLAHOMA CITY THUNDER,
2019-03-20 23:00:00+00:00,NEW ORLEANS PELICANS,,ORLANDO MAGIC,
2019-03-20 23:00:00+00:00,BOSTON CELTICS,,PHILADELPHIA 76ERS,
2019-03-21 02:00:00+00:00,DALLAS MAVERICKS,,PORTLAND TRAIL BLAZERS,
2019-03-21 00:30:00+00:00,MIAMI HEAT,,SAN ANTONIO SPURS,
2019-03-21 23:30:00+00:00,UTAH JAZZ,,ATLANTA HAWKS,
2019-03-21 23:00:00+00:00,MINNESOTA TIMBERWOLVES,,CHARLOTTE HORNETS,
2019-03-22 02:30:00+00:00,INDIANA PACERS,,GOLDEN STATE WARRIORS,
2019-03-22 02:00:00+00:00,DETROIT PISTONS,,PHOENIX SUNS,
2019-03-22 02:00:00+00:00,DALLAS MAVERICKS,,SACRAMENTO KINGS,
2019-03-21 23:00:00+00:00,DENVER NUGGETS,,WASHINGTON WIZARDS,
2019-03-22 23:30:00+00:00,LOS ANGELES CLIPPERS,,CLEVELAND CAVALIERS,
2019-03-23 00:00:00+00:00,SAN ANTONIO SPURS,,HOUSTON ROCKETS,
2019-03-23 02:30:00+00:00,BROOKLYN NETS,,LOS ANGELES LAKERS,
2019-03-23 00:30:00+00:00,MIAMI HEAT,,MILWAUKEE BUCKS,
2019-03-22 23:30:00+00:00,DENVER NUGGETS,,NEW YORK KNICKS,
2019-03-22 23:00:00+00:00,MEMPHIS GRIZZLIES,,ORLANDO MAGIC,
2019-03-22 23:30:00+00:00,OKLAHOMA CITY THUNDER,,TORONTO RAPTORS,
2019-03-23 23:30:00+00:00,PHILADELPHIA 76ERS,,ATLANTA HAWKS,
2019-03-24 00:00:00+00:00,UTAH JAZZ,,CHICAGO BULLS,
2019-03-23 22:00:00+00:00,BOSTON CELTICS,,CHARLOTTE HORNETS,
2019-03-24 00:30:00+00:00,DALLAS MAVERICKS,,GOLDEN STATE WARRIORS,
2019-03-24 00:00:00+00:00,MINNESOTA TIMBERWOLVES,,MEMPHIS GRIZZLIES,
2019-03-24 02:00:00+00:00,DETROIT PISTONS,,PORTLAND TRAIL BLAZERS,
2019-03-24 02:00:00+00:00,PHOENIX SUNS,,SACRAMENTO KINGS,
2019-03-23 23:00:00+00:00,MIAMI HEAT,,WASHINGTON WIZARDS,
2019-03-24 23:30:00+00:00,SAN ANTONIO SPURS,,BOSTON CELTICS,
2019-03-25 00:30:00+00:00,DETROIT PISTONS,,GOLDEN STATE WARRIORS,
2019-03-24 21:00:00+00:00,DENVER NUGGETS,,INDIANA PACERS,
2019-03-25 01:30:00+00:00,SACRAMENTO KINGS,,LOS ANGELES LAKERS,
2019-03-24 20:30:00+00:00,CLEVELAND CAVALIERS,,MILWAUKEE BUCKS,
2019-03-24 23:00:00+00:00,HOUSTON ROCKETS,,NEW ORLEANS PELICANS,
2019-03-24 16:00:00+00:00,LOS ANGELES CLIPPERS,,NEW YORK KNICKS,
2019-03-24 22:00:00+00:00,CHARLOTTE HORNETS,,TORONTO RAPTORS,
2019-03-26 00:00:00+00:00,OKLAHOMA CITY THUNDER,,MEMPHIS GRIZZLIES,
2019-03-25 23:00:00+00:00,PHILADELPHIA 76ERS,,ORLANDO MAGIC,
2019-03-26 02:00:00+00:00,BROOKLYN NETS,,PORTLAND TRAIL BLAZERS,
2019-03-26 01:00:00+00:00,PHOENIX SUNS,,UTAH JAZZ,
2019-03-26 23:00:00+00:00,SAN ANTONIO SPURS,,CHARLOTTE HORNETS,
2019-03-26 23:00:00+00:00,BOSTON CELTICS,,CLEVELAND CAVALIERS,
2019-03-27 00:30:00+00:00,SACRAMENTO KINGS,,DALLAS MAVERICKS,
2019-03-27 01:00:00+00:00,DETROIT PISTONS,,DENVER NUGGETS,
2019-03-27 02:30:00+00:00,WASHINGTON WIZARDS,,LOS ANGELES LAKERS,
2019-03-26 23:30:00+00:00,ORLANDO MAGIC,,MIAMI HEAT,
2019-03-27 00:00:00+00:00,HOUSTON ROCKETS,,MILWAUKEE BUCKS,
2019-03-27 00:00:00+00:00,LOS ANGELES CLIPPERS,,MINNESOTA TIMBERWOLVES,
2019-03-27 00:00:00+00:00,ATLANTA HAWKS,,NEW ORLEANS PELICANS,
2019-03-26 23:30:00+00:00,CHICAGO BULLS,,TORONTO RAPTORS,
2019-03-28 00:00:00+00:00,PORTLAND TRAIL BLAZERS,,CHICAGO BULLS,
2019-03-28 00:00:00+00:00,GOLDEN STATE WARRIORS,,MEMPHIS GRIZZLIES,
2019-03-28 00:00:00+00:00,INDIANA PACERS,,OKLAHOMA CITY THUNDER,
2019-03-28 02:00:00+00:00,WASHINGTON WIZARDS,,PHOENIX SUNS,
2019-03-28 02:30:00+00:00,LOS ANGELES LAKERS,,UTAH JAZZ,
2019-03-28 23:00:00+00:00,ORLANDO MAGIC,,DETROIT PISTONS,
2019-03-29 00:00:00+00:00,DENVER NUGGETS,,HOUSTON ROCKETS,
2019-03-28 23:30:00+00:00,DALLAS MAVERICKS,,MIAMI HEAT,
2019-03-29 00:00:00+00:00,LOS ANGELES CLIPPERS,,MILWAUKEE BUCKS,
2019-03-29 00:00:00+00:00,SACRAMENTO KINGS,,NEW ORLEANS PELICANS,
2019-03-28 23:30:00+00:00,TORONTO RAPTORS,,NEW YORK KNICKS,
2019-03-28 23:00:00+00:00,BROOKLYN NETS,,PHILADELPHIA 76ERS,
2019-03-29 00:30:00+00:00,CLEVELAND CAVALIERS,,SAN ANTONIO SPURS,
2019-03-29 23:30:00+00:00,PORTLAND TRAIL BLAZERS,,ATLANTA HAWKS,
2019-03-29 23:00:00+00:00,INDIANA PACERS,,BOSTON CELTICS,
2019-03-30 02:30:00+00:00,CHARLOTTE HORNETS,,LOS ANGELES LAKERS,
2019-03-30 00:00:00+00:00,GOLDEN STATE WARRIORS,,MINNESOTA TIMBERWOLVES,
2019-03-30 00:00:00+00:00,DENVER NUGGETS,,OKLAHOMA CITY THUNDER,
2019-03-30 01:00:00+00:00,WASHINGTON WIZARDS,,UTAH JAZZ,
2019-03-30 22:00:00+00:00,BOSTON CELTICS,,BROOKLYN NETS,
2019-03-31 00:00:00+00:00,TORONTO RAPTORS,,CHICAGO BULLS,
2019-03-30 23:00:00+00:00,PORTLAND TRAIL BLAZERS,,DETROIT PISTONS,
2019-03-30 22:00:00+00:00,SACRAMENTO KINGS,,HOUSTON ROCKETS,
2019-03-30 23:00:00+00:00,ORLANDO MAGIC,,INDIANA PACERS,
2019-03-30 19:30:00+00:00,CLEVELAND CAVALIERS,,LOS ANGELES CLIPPERS,
2019-03-31 00:00:00+00:00,PHILADELPHIA 76ERS,,MINNESOTA TIMBERWOLVES,
2019-03-30 23:30:00+00:00,MIAMI HEAT,,NEW YORK KNICKS,
2019-03-31 02:00:00+00:00,MEMPHIS GRIZZLIES,,PHOENIX SUNS,
2019-03-31 16:30:00+00:00,MILWAUKEE BUCKS,,ATLANTA HAWKS,
2019-04-01 00:00:00+00:00,WASHINGTON WIZARDS,,DENVER NUGGETS,
2019-04-01 00:30:00+00:00,CHARLOTTE HORNETS,,GOLDEN STATE WARRIORS,
2019-04-01 02:30:00+00:00,MEMPHIS GRIZZLIES,,LOS ANGELES CLIPPERS,
2019-03-31 22:00:00+00:00,LOS ANGELES LAKERS,,NEW ORLEANS PELICANS,
2019-03-31 19:30:00+00:00,DALLAS MAVERICKS,,OKLAHOMA CITY THUNDER,
2019-03-31 23:00:00+00:00,SACRAMENTO KINGS,,SAN ANTONIO SPURS,
2019-04-01 23:30:00+00:00,MIAMI HEAT,,BOSTON CELTICS,
2019-04-01 23:30:00+00:00,MILWAUKEE BUCKS,,BROOKLYN NETS,
2019-04-02 00:30:00+00:00,PHILADELPHIA 76ERS,,DALLAS MAVERICKS,
2019-04-01 23:00:00+00:00,DETROIT PISTONS,,INDIANA PACERS,
2019-04-02 00:00:00+00:00,PORTLAND TRAIL BLAZERS,,MINNESOTA TIMBERWOLVES,
2019-04-01 23:30:00+00:00,CHICAGO BULLS,,NEW YORK KNICKS,
2019-04-02 02:00:00+00:00,CLEVELAND CAVALIERS,,PHOENIX SUNS,
2019-04-01 23:30:00+00:00,ORLANDO MAGIC,,TORONTO RAPTORS,
2019-04-02 01:00:00+00:00,CHARLOTTE HORNETS,,UTAH JAZZ,
2019-04-03 02:30:00+00:00,DENVER NUGGETS,,GOLDEN STATE WARRIORS,
2019-04-03 00:00:00+00:00,LOS ANGELES LAKERS,,OKLAHOMA CITY THUNDER,
2019-04-03 02:00:00+00:00,HOUSTON ROCKETS,,SACRAMENTO KINGS,
2019-04-03 00:30:00+00:00,ATLANTA HAWKS,,SAN ANTONIO SPURS,
2019-04-03 23:30:00+00:00,PHILADELPHIA 76ERS,,ATLANTA HAWKS,
2019-04-03 23:30:00+00:00,TORONTO RAPTORS,,BROOKLYN NETS,
2019-04-04 00:30:00+00:00,MINNESOTA TIMBERWOLVES,,DALLAS MAVERICKS,
2019-04-04 01:00:00+00:00,SAN ANTONIO SPURS,,DENVER NUGGETS,
2019-04-03 23:00:00+00:00,INDIANA PACERS,,DETROIT PISTONS,
2019-04-04 02:30:00+00:00,HOUSTON ROCKETS,,LOS ANGELES CLIPPERS,
2019-04-03 23:30:00+00:00,BOSTON CELTICS,,MIAMI HEAT,
2019-04-04 00:00:00+00:00,CHARLOTTE HORNETS,,NEW ORLEANS PELICANS,
2019-04-03 23:00:00+00:00,NEW YORK KNICKS,,ORLANDO MAGIC,
2019-04-04 02:00:00+00:00,UTAH JAZZ,,PHOENIX SUNS,
2019-04-04 02:00:00+00:00,MEMPHIS GRIZZLIES,,PORTLAND TRAIL BLAZERS,
2019-04-03 23:00:00+00:00,CHICAGO BULLS,,WASHINGTON WIZARDS,
2019-04-05 02:30:00+00:00,GOLDEN STATE WARRIORS,,LOS ANGELES LAKERS,
2019-04-05 00:00:00+00:00,MILWAUKEE BUCKS,,PHILADELPHIA 76ERS,
2019-04-05 02:00:00+00:00,CLEVELAND CAVALIERS,,SACRAMENTO KINGS,
2019-04-05 23:00:00+00:00,TORONTO RAPTORS,,CHARLOTTE HORNETS,
2019-04-06 00:30:00+00:00,MEMPHIS GRIZZLIES,,DALLAS MAVERICKS,
2019-04-06 02:30:00+00:00,PORTLAND TRAIL BLAZERS,,DENVER NUGGETS,
2019-04-06 02:30:00+00:00,CLEVELAND CAVALIERS,,GOLDEN STATE WARRIORS,
2019-04-06 00:00:00+00:00,NEW YORK KNICKS,,HOUSTON ROCKETS,
2019-04-06 00:00:00+00:00,BOSTON CELTICS,,INDIANA PACERS,
2019-04-06 02:30:00+00:00,LOS ANGELES LAKERS,,LOS ANGELES CLIPPERS,
2019-04-06 00:00:00+00:00,MIAMI HEAT,,MINNESOTA TIMBERWOLVES,
2019-04-06 00:00:00+00:00,DETROIT PISTONS,,OKLAHOMA CITY THUNDER,
2019-04-05 23:00:00+00:00,ATLANTA HAWKS,,ORLANDO MAGIC,
2019-04-06 02:00:00+00:00,NEW ORLEANS PELICANS,,PHOENIX SUNS,
2019-04-06 01:00:00+00:00,SACRAMENTO KINGS,,UTAH JAZZ,
2019-04-05 23:00:00+00:00,SAN ANTONIO SPURS,,WASHINGTON WIZARDS,
2019-04-07 00:00:00+00:00,PHILADELPHIA 76ERS,,CHICAGO BULLS,
2019-04-06 21:00:00+00:00,BROOKLYN NETS,,MILWAUKEE BUCKS,
2019-04-07 23:30:00+00:00,ORLANDO MAGIC,,BOSTON CELTICS,
2019-04-07 19:00:00+00:00,SAN ANTONIO SPURS,,CLEVELAND CAVALIERS,
2019-04-07 20:00:00+00:00,CHARLOTTE HORNETS,,DETROIT PISTONS,
2019-04-08 00:30:00+00:00,LOS ANGELES CLIPPERS,,GOLDEN STATE WARRIORS,
2019-04-07 23:00:00+00:00,PHOENIX SUNS,,HOUSTON ROCKETS,
2019-04-07 21:00:00+00:00,BROOKLYN NETS,,INDIANA PACERS,
2019-04-08 01:30:00+00:00,UTAH JAZZ,,LOS ANGELES LAKERS,
2019-04-07 22:00:00+00:00,DALLAS MAVERICKS,,MEMPHIS GRIZZLIES,
2019-04-07 23:00:00+00:00,ATLANTA HAWKS,,MILWAUKEE BUCKS,
2019-04-07 19:30:00+00:00,OKLAHOMA CITY THUNDER,,MINNESOTA TIMBERWOLVES,
2019-04-07 23:30:00+00:00,WASHINGTON WIZARDS,,NEW YORK KNICKS,
2019-04-08 01:00:00+00:00,DENVER NUGGETS,,PORTLAND TRAIL BLAZERS,
2019-04-08 01:00:00+00:00,NEW ORLEANS PELICANS,,SACRAMENTO KINGS,
2019-04-07 16:00:00+00:00,MIAMI HEAT,,TORONTO RAPTORS,
2019-04-10 00:00:00+00:00,NEW YORK KNICKS,,CHICAGO BULLS,
2019-04-09 23:00:00+00:00,CHARLOTTE HORNETS,,CLEVELAND CAVALIERS,
2019-04-10 00:30:00+00:00,PHOENIX SUNS,,DALLAS MAVERICKS,
2019-04-09 23:00:00+00:00,MEMPHIS GRIZZLIES,,DETROIT PISTONS,
2019-04-10 02:30:00+00:00,PORTLAND TRAIL BLAZERS,,LOS ANGELES LAKERS,
2019-04-09 23:30:00+00:00,PHILADELPHIA 76ERS,,MIAMI HEAT,
2019-04-10 00:00:00+00:00,TORONTO RAPTORS,,MINNESOTA TIMBERWOLVES,
2019-04-10 00:00:00+00:00,GOLDEN STATE WARRIORS,,NEW ORLEANS PELICANS,
2019-04-10 01:30:00+00:00,HOUSTON ROCKETS,,OKLAHOMA CITY THUNDER,
2019-04-10 01:00:00+00:00,DENVER NUGGETS,,UTAH JAZZ,
2019-04-09 23:00:00+00:00,BOSTON CELTICS,,WASHINGTON WIZARDS,
2019-04-11 00:00:00+00:00,INDIANA PACERS,,ATLANTA HAWKS,
2019-04-11 00:00:00+00:00,MIAMI HEAT,,BROOKLYN NETS,
2019-04-11 00:00:00+00:00,ORLANDO MAGIC,,CHARLOTTE HORNETS,
2019-04-11 02:30:00+00:00,MINNESOTA TIMBERWOLVES,,DENVER NUGGETS,
2019-04-11 02:30:00+00:00,UTAH JAZZ,,LOS ANGELES CLIPPERS,
2019-04-11 00:00:00+00:00,GOLDEN STATE WARRIORS,,MEMPHIS GRIZZLIES,
2019-04-11 00:00:00+00:00,OKLAHOMA CITY THUNDER,,MILWAUKEE BUCKS,
2019-04-11 00:00:00+00:00,DETROIT PISTONS,,NEW YORK KNICKS,
2019-04-11 00:00:00+00:00,CHICAGO BULLS,,PHILADELPHIA 76ERS,
2019-04-11 02:30:00+00:00,SACRAMENTO KINGS,,PORTLAND TRAIL BLAZERS,
2019-04-11 00:00:00+00:00,DALLAS MAVERICKS,,SAN ANTONIO SPURS,
